detect_id,lat,lon,confidence,preprocess_row,preprocess_column,bbox_x1,bbox_y1,bbox_x2,bbox_y2,timestamp,vessel_length_m,vessel_width_m,vessel_speed_k,is_fishing_vessel,vessel_type,heading_degrees,heading_bucket_0,heading_bucket_1,heading_bucket_2,heading_bucket_3,heading_bucket_4,heading_bucket_5,heading_bucket_6,heading_bucket_7,heading_bucket_8,heading_bucket_9,heading_bucket_10,heading_bucket_11,heading_bucket_12,heading_bucket_13,heading_bucket_14,heading_bucket_15,attribute_count
0,37.2363401934101,-76.08861027771637,0.9246350526809692,13210.341796875,21119.3125,21099,13190,21139,13230,2025-09-18T06:14:42.587478,64.56470489501953,14.143362641334534,1.4582700729370115,True,fishing,337.5,0.0872551798820495,0.0394420437514781,0.0388810373842716,0.0435991771519184,0.0436252281069755,0.0454000532627105,0.0662370473146438,0.0915215909481048,0.0851251780986785,0.0636921599507331,0.0489221476018428,0.0465961135923862,0.055502500385046,0.054797638207674,0.0912651047110557,0.0981378480792045,6.0
1,37.05100867017001,-76.55382764495656,0.9224032163619996,11887.1796875,16697.1015625,16677,11866,16716,11907,2025-09-18T06:14:42.588999,46.00213766098023,11.529035121202469,2.293328046798706,True,fishing,337.5,0.0860839784145355,0.0413091108202934,0.0429443754255771,0.0488644056022167,0.0483711324632167,0.0499442256987094,0.0649832934141159,0.0835822895169258,0.0738858953118324,0.0552396476268768,0.0455977171659469,0.0451243072748184,0.0592373460531234,0.058312926441431,0.0967554599046707,0.0997638627886772,6.0
2,37.17630512070626,-76.15395760160492,0.9191118478775024,12654.904296875,20435.642578125,20415,12634,20455,12675,2025-09-18T06:14:42.588999,65.4967188835144,14.264041185379028,1.3750908374786377,True,fishing,337.5,0.0874620378017425,0.0395780466496944,0.0387213602662086,0.0431761480867862,0.0432260520756244,0.0452856831252574,0.0662145316600799,0.0920747816562652,0.0857028439640998,0.064334750175476,0.0489545278251171,0.0465838424861431,0.0552521347999572,0.054436694830656,0.0909474045038223,0.0980491116642952,6.0
3,37.27996982564887,-76.09779543190653,0.9178184270858764,13696.1328125,21119.5625,21099,13676,21139,13716,2025-09-18T06:14:42.588999,65.74591398239136,14.258351922035216,1.3711309432983398,True,fishing,337.5,0.0875020697712898,0.0395815260708332,0.0386395826935768,0.0430995933711528,0.0431173555552959,0.0452630370855331,0.0661930218338966,0.0922029539942741,0.0858305469155311,0.0644840449094772,0.0489971004426479,0.0465691797435283,0.0551904551684856,0.0544777400791645,0.0909341275691986,0.0979176387190818,6.0
4,36.94122469603679,-76.3833638790745,0.905308961868286,10447.17578125,17984.62109375,17964,10426,18004,10467,2025-09-18T06:14:42.588999,53.53532433509827,12.717680633068085,1.786448955535889,True,fishing,337.5,0.0864483714103698,0.0402591079473495,0.0410076528787612,0.0463710315525531,0.0466071031987667,0.048713244497776,0.0667671561241149,0.0873108580708503,0.0778532922267913,0.0580024234950542,0.0463356040418148,0.0452185720205307,0.0569308660924434,0.0568582974374294,0.0949800536036491,0.1003363281488418,6.0
5,35.98139371390789,-76.58881133942265,0.8962944746017456,389.0014343261719,14329.654296875,14310,368,14349,409,2025-09-18T06:14:42.588999,47.63341546058655,12.07646057009697,1.9346206188201904,True,fishing,337.5,0.0855317041277885,0.0410299822688102,0.0425313524901866,0.0482854917645454,0.0487986989319324,0.0502450987696647,0.0664668902754783,0.0844079703092575,0.0745421350002288,0.0558953396975994,0.0458513125777244,0.0453757122159004,0.0582479313015937,0.0573783665895462,0.0952909588813781,0.1001211330294609,6.0
6,37.46140779000139,-76.13849530011152,0.8930129408836365,15720.0087890625,21099.58984375,21080,15700,21118,15740,2025-09-18T06:14:42.588999,65.44586420059204,14.238572120666504,1.4476304054260254,True,fishing,337.5,0.0872576460242271,0.0392747931182384,0.0385414138436317,0.0431678220629692,0.0431236810982227,0.0450363792479038,0.0661803558468818,0.0921533107757568,0.0860019400715828,0.0643133372068405,0.049049437046051,0.0465206839144229,0.0553183518350124,0.0547505468130111,0.0912599712610244,0.0980503931641578,6.0
7,37.00325516483888,-76.46807233260505,0.8858731985092163,11243.4228515625,17359.08984375,17338,11223,17379,11263,2025-09-18T06:14:42.588999,61.43368482589722,13.760365545749664,1.523404598236084,True,fishing,337.5,0.0870242118835449,0.0397518910467624,0.0396191142499446,0.0445436090230941,0.0446295365691185,0.0463463179767131,0.0664301365613937,0.0901662558317184,0.0829113274812698,0.0620207302272319,0.0483141280710697,0.0463659726083278,0.0559401400387287,0.0553564466536045,0.0920362919569015,0.0985437706112861,6.0
8,36.52667729886888,-75.81995281857886,0.8854292631149292,5135.376953125,22170.291015625,22150,5115,22189,5155,2025-09-18T06:14:42.588999,63.10231685638428,14.00582194328308,1.4289720058441162,True,fishing,337.5,0.0870467200875282,0.0396332927048206,0.0393367782235145,0.0442114025354385,0.0444086454808712,0.0461131669580936,0.0666591674089431,0.0908058062195777,0.0836736485362052,0.062713973224163,0.0485929436981678,0.0465606749057769,0.0556510612368583,0.0549764707684516,0.0913651213049888,0.0982511788606643,6.0
9,36.91656807756512,-75.55232460205724,0.8833352327346802,8979.087890625,25239.484375,25218,8959,25260,8999,2025-09-18T06:14:42.588999,58.45382213592529,13.428719341754912,1.5897493362426758,True,fishing,337.5,0.0865813791751861,0.0398148596286773,0.0402863509953022,0.0454615727066993,0.045763786882162,0.0474743954837322,0.0668893083930015,0.0889372900128364,0.0804638713598251,0.060073047876358,0.0473717041313648,0.0460111945867538,0.0564510934054851,0.0558866560459136,0.0932045504450798,0.0993289202451706,6.0
10,35.99395589143036,-76.5848484403857,0.8827049136161804,518.496826171875,14389.3251953125,14368,500,14409,536,2025-09-18T06:14:42.588999,48.09995889663696,11.888128519058228,2.1414191722869877,True,fishing,337.5,0.0858331769704818,0.0405707694590091,0.0417693182826042,0.0478040240705013,0.047509990632534,0.0498439446091651,0.0659019947052002,0.0851995572447776,0.0751621648669242,0.0561129227280616,0.0456907674670219,0.0449348874390125,0.0583728067576885,0.0584869869053363,0.096754640340805,0.1000519916415214,6.0
11,37.39028830720833,-76.1891692282908,0.8817898631095886,15022.6328125,20525.990234375,20504,15002,20547,15042,2025-09-18T06:14:42.588999,37.77587711811066,9.601987153291702,2.681401491165161,True,fishing,337.5,0.0877582281827926,0.0443554185330867,0.0456294976174831,0.0515429750084877,0.0493961721658706,0.0490513108670711,0.0621122866868972,0.0778993964195251,0.0718552321195602,0.0542090125381946,0.0477000586688518,0.0474773608148098,0.061055839061737,0.059286318719387,0.094002678990364,0.0966683179140091,6.0
12,36.96409469068416,-76.1132581219353,0.8797680735588074,10298.3291015625,20397.61328125,20377,10278,20417,10318,2025-09-18T06:14:42.588999,49.95768070220947,12.391366809606552,1.773552656173706,True,fishing,337.5,0.0861467346549034,0.0406058095395565,0.0417690016329288,0.0473318584263324,0.0479666665196418,0.0501652546226978,0.0676358938217163,0.0859638378024101,0.0754176303744316,0.0560478940606117,0.0454882383346557,0.0448803529143333,0.0570314675569534,0.0571252107620239,0.0953417941927909,0.1010823920369148,6.0
13,36.940911329860015,-76.43874791683129,0.8743593692779541,10525.9921875,17497.75390625,17477,10505,17518,10546,2025-09-18T06:14:42.588999,58.77808332443237,13.5249063372612,1.499880075454712,True,fishing,337.5,0.0868163183331489,0.0399800091981887,0.0402829870581626,0.0455067083239555,0.0459289029240608,0.0477453172206878,0.0673863068222999,0.0890677273273468,0.0803289636969566,0.059972483664751,0.047401163727045,0.0460556596517562,0.0560578219592571,0.0557088814675807,0.0926109179854393,0.0991498008370399,6.0
14,37.05024845730589,-76.55262848217275,0.8734716773033142,11877.17578125,16706.15234375,16685,11856,16726,11897,2025-09-18T06:14:42.588999,63.82049322128296,14.027443528175354,1.4967222213745115,True,fishing,337.5,0.0870305672287941,0.0393348783254623,0.0389086753129959,0.0436616763472557,0.0436576269567012,0.0454779118299484,0.0662551075220108,0.0914318040013313,0.084921196103096,0.0634398236870765,0.0487487725913524,0.0464316718280315,0.0556048639118671,0.0550318360328674,0.0917348861694336,0.0983287692070007,6.0
15,36.954920970308,-76.04226399404031,0.8718645572662354,10095.740234375,21003.794921875,20984,10075,21023,10116,2025-09-18T06:14:42.588999,64.5190179347992,14.229118824005129,1.3112058639526367,True,fishing,337.5,0.0880412831902504,0.0402248464524745,0.0394063517451286,0.0438356660306453,0.0441015064716339,0.0461340360343456,0.0666743516921997,0.091408297419548,0.0840472653508186,0.0632719174027443,0.0483612567186355,0.046405728906393,0.0550346672534942,0.0540464259684085,0.0906565114855766,0.0983498767018318,6.0
16,37.21029654417569,-76.12882833865075,0.8666613698005676,12986.365234375,20718.875,20698,12966,20739,13005,2025-09-18T06:14:42.590009,65.01505374908447,14.18304443359375,1.4625837802886963,True,fishing,337.5,0.0872024968266487,0.0392923727631568,0.038690835237503,0.0434027798473835,0.0433723479509353,0.0452136695384979,0.0661823600530624,0.0918122828006744,0.0855337679386138,0.0639634281396865,0.0489925034344196,0.0465537570416927,0.0554793588817119,0.0548498444259166,0.0913689509034156,0.098089225590229,6.0
17,37.17928661753756,-76.6522325800029,0.8612702488899231,13420.0546875,16081.4443359375,16061,13400,16101,13440,2025-09-18T06:14:42.590009,54.50955629348755,13.06886225938797,1.5470249652862549,True,fishing,337.5,0.0856002196669578,0.0403304435312747,0.0412393696606159,0.0468044951558113,0.047670628875494,0.0490006320178508,0.0673988163471221,0.0871293321251869,0.0778388828039169,0.0585018284618854,0.0471400916576385,0.0462712384760379,0.0570785626769065,0.0563491433858871,0.0928665250539779,0.0987797677516937,6.0
18,37.01452556781581,-76.2395014889247,0.8612553477287292,11028.349609375,19384.51953125,19363,11008,19405,11048,2025-09-18T06:14:42.590009,42.477744817733765,10.975359380245209,2.5882089138031006,True,fishing,337.5,0.0873194485902786,0.0421612113714218,0.0434610433876514,0.048736710101366,0.0477536655962467,0.0487589240074157,0.0633722245693206,0.0824966728687286,0.0745086520910263,0.0552268885076046,0.0456568114459514,0.0448378957808017,0.0593859925866127,0.0579481981694698,0.0974301770329475,0.1009454503655433,6.0
19,37.04324080263523,-76.15053724802449,0.8590060472488403,11209.5458984375,20217.703125,20197,11189,20238,11229,2025-09-18T06:14:42.590009,56.982338428497314,13.28294724225998,1.6374177932739258,True,fishing,337.5,0.0863348841667175,0.0398329459130764,0.0405293367803096,0.0459832772612571,0.0463371500372886,0.0479884035885334,0.0669407099485397,0.0883000865578651,0.0792831555008888,0.0592279396951198,0.0470825508236885,0.0459046885371208,0.0568057782948017,0.056324116885662,0.0937856137752533,0.0993393659591674,6.0
20,37.11076012279122,-76.64464529005537,0.8550071716308594,12668.33984375,16016.203125,15996,12648,16036,12688,2025-09-18T06:14:42.590009,65.45568704605103,14.21399712562561,1.4703383445739746,True,fishing,337.5,0.0871484652161598,0.0392127409577369,0.038544937968254,0.0432060807943344,0.0431252680718898,0.0449610576033592,0.0660339891910553,0.0920676812529563,0.0860352367162704,0.0644016116857528,0.0491478592157363,0.0465658716857433,0.0554409734904766,0.0548489391803741,0.0913417860865593,0.0979175940155983,6.0
21,36.75281712396956,-75.57553412000145,0.8524913787841797,7235.619140625,24739.07421875,24718,7215,24759,7255,2025-09-18T06:14:42.590009,63.77131938934326,14.063775539398192,1.4182538986206057,True,fishing,337.5,0.0868964940309524,0.0396251678466796,0.0391849316656589,0.0440584868192672,0.0441647581756114,0.0458538718521595,0.066263847053051,0.0908216536045074,0.0842129811644554,0.0634154379367828,0.0490993931889534,0.0469253920018672,0.0558210089802742,0.0550411790609359,0.0909807235002517,0.0976347401738166,6.0
22,37.27861199820698,-76.56861402816233,0.8461451530456543,14369.2802734375,17000.712890625,16979,14350,17021,14388,2025-09-18T06:14:42.590009,51.26056671142578,12.483364343643188,1.8778793811798096,True,fishing,337.5,0.0856646671891212,0.0405797213315963,0.0418296046555042,0.0478899888694286,0.0480356179177761,0.0495047457516193,0.066050186753273,0.0854280069470405,0.0758765190839767,0.0571780912578105,0.0467492081224918,0.0459784679114818,0.0583015978336334,0.057552371174097,0.0945516005158424,0.0988297313451767,6.0
23,36.96796241435479,-76.16703646970689,0.8451828360557556,10418.6865234375,19932.875,19912,10400,19953,10437,2025-09-18T06:14:42.590009,41.13763868808746,10.400908440351486,3.251975774765014,True,fishing,315.0,0.0884772166609764,0.0453217439353466,0.0536387264728546,0.064903400838375,0.0566229224205017,0.0507632903754711,0.0568122118711471,0.0670079439878463,0.0599386766552925,0.0476000048220157,0.0494351834058761,0.0537918955087661,0.0672433599829673,0.0594257786870002,0.0901642888784408,0.0888533666729927,6.0
24,35.961977368901294,-76.5949242532829,0.8432983160018921,188.90792846679688,14237.5498046875,14217,168,14257,208,2025-09-18T06:14:42.590009,45.48495411872864,10.981374979019163,2.888078212738037,True,fishing,315.0,0.0876218229532241,0.0413352064788341,0.0437738113105297,0.0507891960442066,0.0480868704617023,0.0487888865172863,0.061268214136362,0.0811546444892883,0.0725412666797638,0.054690558463335,0.0465345382690429,0.0461856946349144,0.061913676559925,0.0594294928014278,0.0983501523733139,0.0975359454751014,6.0
25,37.27257062462211,-76.14146034742171,0.8408948183059692,13678.9765625,20723.765625,20704,13658,20743,13699,2025-09-18T06:14:42.590009,66.06470346450806,14.292505383491516,1.4393761157989502,True,fishing,337.5,0.087382324039936,0.0393284372985363,0.0385018214583396,0.0431122444570064,0.0429942980408668,0.04494284465909,0.0659721717238426,0.0920973271131515,0.0861560404300689,0.064630776643753,0.0492519214749336,0.0466938465833663,0.0553599633276462,0.0547414273023605,0.0910746604204177,0.097759872674942,6.0
26,37.31547574821517,-77.22264096784988,0.8400010466575623,15753.3447265625,11362.8515625,11342,15733,11382,15773,2025-09-18T06:14:42.590009,64.65858817100525,14.163507521152496,1.3579790592193604,True,fishing,337.5,0.0873958319425582,0.0398531109094619,0.0390636138617992,0.0435994006693363,0.0437336936593055,0.0456438101828098,0.0662319883704185,0.0914330631494522,0.0848671793937683,0.0639612898230552,0.0490007773041725,0.0467623323202133,0.0554334558546543,0.0545253530144691,0.0907536521553993,0.0977414399385452,6.0
27,36.99411288532394,-76.35862884979743,0.8391209840774536,10982.64453125,18301.150390625,18280,10962,18321,11002,2025-09-18T06:14:42.590009,52.31943130493164,12.57316917181015,1.9445247650146484,True,fishing,337.5,0.0857712849974632,0.0405500121414661,0.0417675822973251,0.0478274598717689,0.0476687364280223,0.0487548783421516,0.0653032287955284,0.0856368094682693,0.0767273530364036,0.0579346306622028,0.047247689217329,0.0463269129395484,0.0586812496185302,0.0573104433715343,0.0942327305674552,0.0982589572668075,6.0
28,37.119587333261656,-76.64394373985172,0.8384786248207092,12762.6591796875,16039.353515625,16019,12742,16059,12782,2025-09-18T06:14:42.590009,65.72073101997375,14.181067049503326,1.4414148330688477,True,fishing,337.5,0.0870013684034347,0.0393898524343967,0.0387100577354431,0.0434516482055187,0.0433074310421943,0.0451630391180515,0.0657090842723846,0.0915039628744125,0.0857173576951026,0.0647419616580009,0.0496580675244331,0.0470085963606834,0.0556625947356224,0.0549449361860752,0.0908641293644905,0.0971658751368522,6.0
29,37.243717922174696,-76.45396304417577,0.8381476998329163,13822.6875,17937.515625,17916,13803,17958,13842,2025-09-18T06:14:42.590009,56.30490779876709,12.997733056545258,1.9751105308532717,True,fishing,337.5,0.0858784243464469,0.0391114391386508,0.0399505235254764,0.0454523414373397,0.0452250204980373,0.0471834056079387,0.0657199099659919,0.0886192247271537,0.0801666155457496,0.059664312750101,0.0469027310609817,0.0454886704683303,0.0577576272189617,0.0573147162795066,0.0959566757082939,0.0996083617210388,6.0
30,37.29261859450665,-76.58476039785594,0.8366348743438721,14544.48046875,16886.51953125,16866,14524,16906,14564,2025-09-18T06:14:42.590009,59.35154557228088,13.518086075782776,1.6100482940673828,True,fishing,337.5,0.0868420228362083,0.0397012196481227,0.0397173464298248,0.0447060950100421,0.0449004210531711,0.0467701479792594,0.066596619784832,0.0898360759019851,0.0818800926208496,0.0610270053148269,0.0476246140897274,0.0458685420453548,0.0561356581747531,0.055827897042036,0.0932187885046005,0.0993475392460823,6.0
31,37.24654874974725,-76.15004219442802,0.8345139622688293,13409.7265625,20600.29296875,20579,13389,20620,13430,2025-09-18T06:14:42.590009,64.23929333686829,14.068923890590668,1.4782776832580566,True,fishing,337.5,0.087148517370224,0.039333164691925,0.0389285013079643,0.0436965152621269,0.0437222868204116,0.0455292239785194,0.0663516744971275,0.0914643257856369,0.0848253890872001,0.0633510127663612,0.0487060397863388,0.0464442409574985,0.0555866435170173,0.0549776889383792,0.0916160494089126,0.0983187109231948,6.0
32,37.50939594693028,-76.3261554192444,0.834276020526886,16510.3359375,19552.4296875,19531,16489,19573,16530,2025-09-18T06:14:42.590009,49.88022744655609,11.811185628175735,2.813896894454956,True,fishing,315.0,0.0880279392004013,0.0434290580451488,0.0491762720048427,0.0598013773560524,0.0540450140833854,0.0499857291579246,0.0582033097743988,0.0740387812256813,0.0657518431544303,0.052483107894659,0.0500785931944847,0.0518530905246734,0.0653417184948921,0.0586233548820018,0.0904658287763595,0.0886949896812439,6.0
33,36.7327713356686,-75.62904764888566,0.8258618712425232,7094.42138671875,24231.81640625,24212,7073,24251,7114,2025-09-18T06:14:42.590009,66.43747687339783,14.308632910251616,1.398005723953247,True,fishing,337.5,0.087607204914093,0.03953717648983,0.0385400243103504,0.0430320613086223,0.0429114438593387,0.0449643805623054,0.0658345073461532,0.0921504944562912,0.0862177535891532,0.064942680299282,0.0493639670312404,0.0467724651098251,0.0552743040025234,0.0545137487351894,0.090765506029129,0.097572386264801,6.0
34,36.947629190674,-76.40471026140155,0.8242870569229126,10548.0673828125,17809.498046875,17789,10527,17829,10568,2025-09-18T06:14:42.590009,39.41424489021301,10.46942099928856,2.4582834243774414,True,fishing,337.5,0.0870372951030731,0.0432460382580757,0.0448572970926761,0.0508929006755352,0.0497519671916961,0.0495796240866184,0.0631875768303871,0.079569399356842,0.0725237503647804,0.0545568540692329,0.0470729060471057,0.0468634441494941,0.0603766851127147,0.0584544613957405,0.0943866968154907,0.0976431220769882,6.0
35,37.48244952624179,-76.06271433090535,0.8236450552940369,15839.40234375,21799.1796875,21779,15819,21818,15859,2025-09-18T06:14:42.590009,63.71929049491882,14.092060923576357,1.3967218399047852,True,fishing,337.5,0.0873055458068847,0.039718210697174,0.0391411259770393,0.0438142716884613,0.043977603316307,0.0458772033452987,0.0664843246340751,0.0911634787917137,0.0843321830034256,0.0632815137505531,0.0487286671996116,0.0465921983122825,0.0554578341543674,0.0547575913369655,0.0911405086517334,0.0982277691364288,6.0
36,36.99045930524042,-76.10304440263192,0.8217024803161621,10568.841796875,20536.275390625,20516,10549,20556,10588,2025-09-18T06:14:42.590009,43.66950988769531,11.335711926221848,2.536003589630127,True,fishing,337.5,0.0870246067643165,0.0416008681058883,0.0434850230813026,0.0492152422666549,0.048363372683525,0.0493148155510425,0.0639199763536453,0.0819877162575721,0.0731361508369445,0.0542955175042152,0.0452936291694641,0.0449434891343116,0.0597488693892955,0.0582241229712963,0.0980587974190712,0.1013878211379051,6.0
37,36.95064304423753,-76.36220560508862,0.8212136626243591,10517.6943359375,18187.84375,18168,10500,18207,10535,2025-09-18T06:14:42.590009,58.89124870300293,13.498999178409576,1.571218490600586,True,fishing,337.5,0.0868236199021339,0.0399162322282791,0.0401656441390514,0.0451742894947528,0.0454995334148407,0.0471648536622524,0.0669256970286369,0.0892954468727111,0.081115074455738,0.0604696050286293,0.0474373325705528,0.0459571965038776,0.0561305992305278,0.0555906072258949,0.0929306000471115,0.0994036197662353,6.0
38,36.59858029931336,-75.55046419092004,0.8206980228424072,5527.1982421875,24681.326171875,24661,5507,24701,5547,2025-09-18T06:14:42.590009,55.84431290626526,13.200189173221588,1.5775725841522217,True,fishing,337.5,0.0864383429288864,0.0401909127831459,0.0408654883503913,0.0461813062429428,0.0467545725405216,0.0483169555664062,0.0673103034496307,0.0879883021116256,0.0788569748401641,0.0588717423379421,0.0469232685863971,0.0458730682730674,0.0565369836986064,0.0559729263186454,0.0932542532682418,0.0996645465493202,6.0
39,36.93843947137625,-76.43545295125783,0.816792368888855,10494.380859375,17521.978515625,17501,10474,17542,10514,2025-09-18T06:14:42.590009,37.59673237800598,9.740925580263138,2.6576695442199707,True,fishing,337.5,0.0859063416719436,0.0427517518401145,0.0454626493155956,0.0514503456652164,0.0498843789100647,0.0489181764423847,0.062112957239151,0.0786786004900932,0.0722953230142593,0.0545557476580143,0.0476991944015026,0.0472499765455722,0.0619216673076152,0.0589758642017841,0.0948937833309173,0.0972431674599647,6.0
41,37.088895443268015,-75.98732574295838,0.8105407357215881,11467.37109375,21733.859375,21714,11446,21753,11487,2025-09-18T06:14:42.590009,63.896799087524414,13.954837620258331,1.4201924800872805,True,fishing,337.5,0.0870997607707977,0.0399763770401477,0.0393291227519512,0.0445567741990089,0.0444003120064735,0.0461546927690506,0.0658275783061981,0.0899577513337135,0.0835785418748855,0.0635166466236114,0.0498420819640159,0.0476291961967945,0.0561797879636287,0.0554723180830478,0.0901238694787025,0.0963551476597786,6.0
42,35.94936255345793,-76.59924326425505,0.8095858693122864,59.48290252685547,14174.630859375,14154,39,14194,79,2025-09-18T06:14:42.590009,42.6787406206131,10.699451714754105,2.4614627361297607,True,fishing,337.5,0.0879988670349121,0.0436207428574562,0.0446908809244632,0.0508296340703964,0.0492551699280738,0.0497785918414592,0.0628572627902031,0.0801854208111763,0.0721908286213874,0.054798424243927,0.0471865087747573,0.0467878207564353,0.0603194050490856,0.0584826804697513,0.0941844955086708,0.0968332216143608,6.0
43,36.95733213927099,-76.39158581190344,0.8050805330276489,10633.533203125,17942.94921875,17923,10613,17962,10653,2025-09-18T06:14:42.590009,65.41659832000732,14.230132102966309,1.4562091827392578,True,fishing,337.5,0.0871426686644554,0.0392263643443584,0.0385946780443191,0.0432498604059219,0.0432096049189567,0.0450515784323215,0.0661137551069259,0.0920563116669654,0.0858944803476333,0.0643131881952285,0.0490726716816425,0.0465412326157093,0.0554331913590431,0.054791297763586,0.0913256779313087,0.0979834273457527,6.0
44,37.27723347844419,-76.56374884247336,0.8035416007041931,14347.216796875,17040.5234375,17020,14326,17060,14367,2025-09-18T06:14:42.590009,55.6729257106781,12.98183798789978,1.802715301513672,True,fishing,337.5,0.0859369784593582,0.0399174243211746,0.0409445278346538,0.0468657799065113,0.0468020774424076,0.0483420751988887,0.0659881010651588,0.0871797874569892,0.0782451182603836,0.0589438192546367,0.0473881177604198,0.046192817389965,0.0578785762190818,0.0569012500345706,0.094097651541233,0.098375879228115,6.0
45,36.98099136215497,-76.31756046788443,0.8024853467941284,10780.451171875,18636.15625,18616,10759,18655,10801,2025-09-18T06:14:42.590009,54.54040765762329,13.01531344652176,1.6439003944396973,True,fishing,337.5,0.0863823145627975,0.0401056893169879,0.0408134087920188,0.0461045801639556,0.0466286949813365,0.0485414713621139,0.0674126222729682,0.0879223272204399,0.0785297378897667,0.0583863742649555,0.0464992150664329,0.0454512424767017,0.0565158165991306,0.0563235655426979,0.0940729603171348,0.1003099158406257,6.0
46,37.18337717277268,-76.63051211214426,0.8011980652809143,13431.916015625,16279.029296875,16259,13412,16298,13451,2025-09-18T06:14:42.590009,59.92189049720764,13.72111588716507,1.3404672145843506,True,fishing,337.5,0.0865353047847747,0.0404225848615169,0.040442481637001,0.0457742772996425,0.046206958591938,0.0476669669151306,0.0668157264590263,0.0884595811367034,0.0808177664875984,0.0613640323281288,0.0488564297556877,0.0473934412002563,0.0563338734209537,0.0553657822310924,0.0903993993997573,0.0971454083919525,6.0
47,37.19554114877119,-76.11282372346267,0.8011773228645325,12803.3994140625,20831.67578125,20811,12783,20851,12823,2025-09-18T06:14:42.590009,65.30036330223083,14.205467700958252,1.4445066452026367,True,fishing,337.5,0.0871737897396087,0.0392230674624443,0.0385695584118366,0.0432179793715477,0.0432168655097484,0.0451613627374172,0.0661919116973877,0.0920738950371742,0.0857803300023078,0.0642173364758491,0.0490051247179508,0.0465291254222393,0.0554090104997158,0.0548270605504512,0.0913471207022667,0.0980564653873443,6.0
48,36.09049989496691,-75.75619969738958,0.7933170795440674,318.8196716308594,21929.6171875,21909,300,21950,337,2025-09-18T06:14:42.591021,61.12060546875,13.477304577827454,1.62493634223938,True,fishing,337.5,0.0877672135829925,0.0406971238553524,0.0401684045791626,0.0451200455427169,0.0446216650307178,0.0461453571915626,0.0653319358825683,0.0893968269228935,0.0831166207790374,0.0626547709107399,0.0490998774766922,0.0468589663505554,0.0561937652528286,0.0550452247262001,0.0907144919037818,0.0970677137374877,6.0
49,37.21201969114713,-76.09815105092366,0.792198121547699,12960.708984375,20990.6875,20970,12940,21010,12980,2025-09-18T06:14:42.591021,65.9001886844635,14.185233414173126,1.3607773780822754,True,fishing,337.5,0.0873017758131027,0.0395663976669311,0.0385419279336929,0.0430261194705963,0.042965892702341,0.0452231541275978,0.0659778714179992,0.09212526679039,0.0860380753874778,0.064885713160038,0.0493859723210334,0.0468352884054183,0.0553024336695671,0.054659754037857,0.0907299891114234,0.0974343419075012,6.0
50,36.94789820741107,-76.35018730577374,0.7921755313873291,10470.369140625,18287.9453125,18267,10449,18308,10490,2025-09-18T06:14:42.591021,59.62634086608887,13.037848472595217,1.1415376663208008,True,fishing,337.5,0.0854008421301841,0.0405170917510986,0.0404690764844417,0.0464029870927333,0.0473954603075981,0.051023069769144,0.0675632879137992,0.0861778408288955,0.0760623589158058,0.0591329634189605,0.0488515347242355,0.0491781868040561,0.0583269856870174,0.0583783313632011,0.0899169221520423,0.0952030047774314,6.0
53,37.24703604300564,-76.12032998223408,0.7831830382347107,13371.89453125,20861.44921875,20840,13351,20882,13392,2025-09-18T06:14:42.591021,65.30982255935669,14.234110713005066,1.4551682472229004,True,fishing,337.5,0.0874147713184356,0.0394169390201568,0.0386408753693103,0.0431662127375602,0.0431124195456504,0.0449549220502376,0.0660450831055641,0.0921611562371254,0.0861261636018753,0.0644468069076538,0.0490476228296756,0.0464371442794799,0.0552358292043209,0.0545696653425693,0.091120645403862,0.098103791475296,6.0
54,36.94148767134393,-76.17948567168521,0.7816488742828369,10150.244140625,19774.390625,19754,10129,19794,10170,2025-09-18T06:14:42.591021,39.17044401168823,10.067041963338852,3.095728635787964,True,fishing,315.0,0.0888090208172798,0.0443961024284362,0.0480486489832401,0.0567012764513492,0.0514989495277404,0.0488404631614685,0.0589217469096183,0.0729504749178886,0.0670114234089851,0.0519126132130622,0.0493186227977275,0.0506946817040443,0.0646951422095298,0.0597841180860996,0.0933668091893196,0.09304990619421,6.0
55,36.98165644118848,-76.10588188696315,0.778343141078949,10477.6845703125,20495.00390625,20474,10457,20515,10498,2025-09-18T06:14:42.591021,62.346816062927246,13.914336264133452,1.4847378730773926,True,fishing,337.5,0.0872545167803764,0.0397115312516689,0.0394159778952598,0.0441795475780963,0.0443426445126533,0.046095959842205,0.0666419118642807,0.0907939746975898,0.0836134776473045,0.0623842738568782,0.0482443571090698,0.046211589127779,0.0555571839213371,0.0549668632447719,0.0918291807174682,0.0987569317221641,6.0
57,37.17733270319394,-76.13628224029618,0.7717088460922241,12640.314453125,20592.40234375,20572,12620,20612,12660,2025-09-18T06:14:42.591021,64.20674324035645,14.100340008735657,1.456620216369629,True,fishing,337.5,0.0871968939900398,0.0393857061862945,0.0388683900237083,0.0435949154198169,0.0436348393559455,0.0455168187618255,0.0664084032177925,0.0915603041648864,0.084951564669609,0.0634773969650268,0.0487511754035949,0.0464466884732246,0.0554551444947719,0.0549216009676456,0.0915004685521125,0.0983297526836395,6.0
58,36.951660583993885,-76.11850095437543,0.7715945243835449,10171.37109375,20328.48046875,20308,10151,20348,10191,2025-09-18T06:14:42.591021,59.15016531944275,13.50644826889038,1.5208158493041992,True,fishing,337.5,0.0867900922894477,0.0399100184440612,0.040108785033226,0.0451538749039173,0.045468270778656,0.0472439341247081,0.0670003294944763,0.0893773660063743,0.0811880901455879,0.0606527440249919,0.0476767756044864,0.046109165996313,0.0560757368803024,0.0555869452655315,0.0925492867827415,0.0991086661815643,6.0
59,37.182645739114754,-76.63414406586432,0.7709353566169739,13429.419921875,16245.900390625,16225,13409,16266,13449,2025-09-18T06:14:42.591021,59.87635850906372,13.69728147983551,1.3220510482788086,True,fishing,337.5,0.0866270363330841,0.0406085029244422,0.0405683442950248,0.0457868725061416,0.0462710931897163,0.0477381274104118,0.0669577047228813,0.0885386317968368,0.0808234438300132,0.0613186359405517,0.0487259551882743,0.0473013296723365,0.0561574921011924,0.0551239438354969,0.0901825726032257,0.0972703844308853,6.0
60,36.9884564016012,-76.48846192438535,0.7708410024642944,11113.734375,17151.80078125,17130,11093,17172,11133,2025-09-18T06:14:42.591021,36.345529556274414,9.185300022363664,2.6825459003448486,True,fishing,337.5,0.0870563015341758,0.0447404719889164,0.0473230145871639,0.0536874011158943,0.0511521995067596,0.0490074679255485,0.061295498162508,0.0753579288721084,0.0698091387748718,0.0536082796752452,0.0488917492330074,0.049204584211111,0.0625337585806846,0.0592051930725574,0.0919445157051086,0.0951824560761451,6.0
61,36.08729804423902,-75.76772610472548,0.769702136516571,301.093505859375,21821.34375,21801,281,21841,320,2025-09-18T06:14:42.591021,48.028358817100525,11.695990711450577,2.280761241912842,True,fishing,337.5,0.0860736891627311,0.0409036017954349,0.0421803258359432,0.0479674451053142,0.0472507551312446,0.0490636453032493,0.0646997764706611,0.0844105035066604,0.0758085325360298,0.0565955713391304,0.0463918074965477,0.0456476584076881,0.0589559525251388,0.0581988207995891,0.0961255207657814,0.099726378917694,6.0
62,36.95270469119457,-76.0140063737429,0.7685896754264832,10030.8798828125,21247.912109375,21226,10011,21269,10050,2025-09-18T06:14:42.591021,65.37083387374878,14.180412888526917,1.487856388092041,True,fishing,337.5,0.0872257649898529,0.0392506159842014,0.0385493077337741,0.0432022809982299,0.0430368594825267,0.0448647029697895,0.0658196359872818,0.0919139012694358,0.0861135795712471,0.0644975677132606,0.0492857843637466,0.0466583594679832,0.0555143356323242,0.0548796355724334,0.0913144797086715,0.097873218357563,6.0
63,35.997042099630065,-76.5836057655848,0.7661442160606384,549.898193359375,14406.3759765625,14386,530,14425,569,2025-09-18T06:14:42.591021,56.70813322067261,13.196301460266112,1.7098994255065918,True,fishing,337.5,0.0862462818622589,0.0395685657858848,0.0402270480990409,0.0457806102931499,0.0459671914577484,0.0479633025825023,0.0668536201119422,0.0884193331003189,0.0794340670108795,0.0592604950070381,0.0470169559121131,0.0457585044205188,0.0569253377616405,0.0567492321133613,0.0943518728017807,0.099477544426918,6.0
64,37.22593231812351,-76.12683249888553,0.7656424641609192,13152.748046875,20765.375,20745,13132,20785,13173,2025-09-18T06:14:42.591021,65.50838947296143,14.266905188560486,1.4427554607391355,True,fishing,337.5,0.0872072353959083,0.0392702184617519,0.0386121869087219,0.0432299450039863,0.043244145810604,0.0450777523219585,0.066209390759468,0.0921081751585006,0.0858333855867385,0.0642095655202865,0.048954002559185,0.0464891009032726,0.0553842894732952,0.0546925738453865,0.0913822278380394,0.0980956852436065,6.0
65,36.99888212879609,-76.47535084032678,0.7615256309509277,11206.9609375,17286.828125,17266,11186,17307,11227,2025-09-18T06:14:42.591021,40.45843482017517,10.25647148489952,2.2169792652130127,True,fishing,337.5,0.0869246646761894,0.04438953474164,0.0463976263999938,0.0531301870942115,0.0519029088318347,0.0510151907801628,0.063182383775711,0.0766213312745094,0.0698465928435325,0.0535486489534378,0.0486023910343647,0.0498172752559185,0.0616606213152408,0.0589943900704383,0.0899966061115264,0.0939696505665779,6.0
66,35.97171229685617,-76.59183433168887,0.7614392042160034,289.16168212890625,14283.9453125,14264,269,14303,309,2025-09-18T06:14:42.591021,42.88294017314911,11.145956069231032,2.532956838607788,True,fishing,337.5,0.086511492729187,0.041499774903059,0.0434687957167625,0.0491754338145256,0.0484815500676631,0.0491562001407146,0.0638840496540069,0.0822542384266853,0.0738259106874466,0.0546951554715633,0.0455899573862552,0.0451668575406074,0.059946808964014,0.058091901242733,0.0976373106241226,0.1006146147847175,6.0
67,36.9046903066203,-75.7125118315612,0.7606834173202515,9077.619140625,23808.6796875,23789,9057,23828,9097,2025-09-18T06:14:42.591021,54.558390378952026,13.022416830062866,1.669513463973999,True,fishing,337.5,0.0862451791763305,0.0400084741413593,0.0407970622181892,0.0461498387157917,0.0466579608619213,0.0485119596123695,0.0673058032989502,0.0878537595272064,0.0784237012267112,0.0583434477448463,0.0464778281748294,0.0454569570720195,0.0566954612731933,0.0564669296145439,0.0943529456853866,0.1002527326345443,6.0
68,36.99260793173022,-76.4807906216561,0.7575783729553223,11147.21875,17227.08984375,17207,11127,17246,11167,2025-09-18T06:14:42.591021,38.28823268413544,9.702888876199722,2.651610851287842,True,fishing,337.5,0.0870313197374343,0.0440077222883701,0.0464983358979225,0.0528923794627189,0.0508510246872901,0.0488967262208461,0.0616317689418792,0.0769201517105102,0.0708145350217819,0.0540348626673221,0.0483996607363224,0.0484518744051456,0.0621674954891204,0.0586052238941192,0.0930705815553665,0.0957263559103012,6.0
69,37.12626914860191,-76.64359047997704,0.7524282932281494,12834.3203125,16055.3193359375,16035,12814,16075,12854,2025-09-18T06:14:42.591021,63.5272741317749,14.07616138458252,1.255483865737915,True,fishing,337.5,0.0878159925341606,0.040786225348711,0.0398841574788093,0.0441994667053222,0.0444509238004684,0.0463336259126663,0.0662785992026329,0.0905130505561828,0.0837201252579689,0.0635364726185798,0.0489153563976287,0.0470103248953819,0.0553449243307113,0.053907997906208,0.089689590036869,0.0976132079958915,6.0
70,37.22405867870161,-76.43836600106948,0.7520751357078552,13587.05078125,18036.875,18016,13565,18056,13608,2025-09-18T06:14:42.591021,62.86875009536743,14.04702514410019,1.4349124431610107,True,fishing,337.5,0.0877093747258186,0.0405837558209896,0.0396781638264656,0.0440867878496646,0.044237308204174,0.0455694794654846,0.0657877773046493,0.0902549102902412,0.0846460834145546,0.0636636093258857,0.0494158826768398,0.047064121812582,0.0554585829377174,0.0542858652770519,0.0898443460464477,0.0977139472961425,6.0
72,37.240798820599935,-76.10417133675364,0.7472847104072571,13281.056640625,20991.34765625,20971,13261,21011,13300,2025-09-18T06:14:42.591021,65.43914675712585,14.229688048362732,1.4633243083953855,True,fishing,337.5,0.0872700959444046,0.0392551645636558,0.038582544773817,0.0432657562196254,0.0431892462074756,0.0450724698603153,0.0661392360925674,0.0920122489333152,0.0858270749449729,0.0641635060310363,0.0490373373031616,0.0465479493141174,0.0554109439253807,0.0548416450619697,0.0913407206535339,0.098044067621231,6.0
73,36.78035784676158,-75.642659003045,0.7467371225357056,7629.869140625,24197.921875,24177,7609,24218,7650,2025-09-18T06:14:42.591021,66.3087010383606,14.369367063045502,1.4251177310943604,True,fishing,337.5,0.0873967409133911,0.0393235459923744,0.0386084504425525,0.0432164594531059,0.0431884154677391,0.045057263225317,0.066159501671791,0.0922020375728607,0.0859065204858779,0.0643593519926071,0.0489865057170391,0.0465681366622448,0.0553532019257545,0.0545541904866695,0.0911995992064476,0.0979199707508087,6.0
75,37.22603301092968,-76.10032744352404,0.7417464852333069,13115.6064453125,20997.619140625,20977,13095,21017,13135,2025-09-18T06:14:42.591021,65.03959894180298,14.205098152160645,1.464663028717041,True,fishing,337.5,0.0870684757828712,0.0392199493944644,0.0387766771018505,0.0434828288853168,0.0435256920754909,0.0452812127768993,0.0662089511752128,0.0917059779167175,0.0853489786386489,0.0638127252459526,0.0489157177507877,0.0465985015034675,0.0556102767586708,0.0548188239336013,0.0914637520909309,0.0981613919138908,6.0
76,37.22939608783662,-76.15603277108758,0.7410866618156433,13232.732421875,20515.98046875,20496,13213,20535,13252,2025-09-18T06:14:42.591021,64.87870216369629,14.156495034694672,1.4356675148010254,True,fishing,337.5,0.0870652720332145,0.0393192768096923,0.0387195385992527,0.0434241108596324,0.0434385500848293,0.0453519709408283,0.0662610381841659,0.0917694121599197,0.0853743180632591,0.06397096067667,0.0490119159221649,0.04660614579916,0.0554940924048423,0.0549094341695308,0.0913036689162254,0.0979802384972572,6.0
77,36.0863217537847,-75.77156375839019,0.7409858703613281,296.16339111328125,21785.4609375,21765,276,21805,315,2025-09-18T06:14:42.591021,54.2527973651886,13.09335231781006,1.8321473598480225,True,fishing,337.5,0.0872419029474258,0.040905550122261,0.041203249245882,0.0459630042314529,0.0462522618472576,0.0470836609601974,0.0658410042524337,0.087524376809597,0.0800678133964538,0.0592662803828716,0.0471015349030494,0.0457487180829048,0.0569358728826046,0.0552807413041591,0.0931726247072219,0.1004114896059036,6.0
78,36.97008556799869,-76.30025345831761,0.7361772656440735,10636.990234375,18767.666015625,18748,10617,18786,10656,2025-09-18T06:14:42.591021,61.725836992263794,13.863053917884828,1.4012629985809326,True,fishing,337.5,0.0872324481606483,0.0401969701051712,0.0398278012871742,0.0445992387831211,0.0448922254145145,0.04650404676795,0.0667532384395599,0.0900937467813491,0.0829645991325378,0.062311552464962,0.0485479123890399,0.0465817041695117,0.0555280148983001,0.0548327378928661,0.0909442529082298,0.0981894806027412,6.0
80,36.20138161966775,-75.91474647594026,0.7279909253120422,1751.830322265625,20729.248046875,20708,1731,20750,1772,2025-09-18T06:14:42.591021,56.94730877876282,13.312429189682009,2.289856195449829,True,fishing,337.5,0.0891271829605102,0.0411774031817913,0.0413145311176776,0.0467255972325801,0.0450232326984405,0.0453644134104251,0.0628226473927497,0.0849084332585334,0.0798668786883354,0.0599093623459339,0.0488615520298481,0.047643706202507,0.0588035359978675,0.0564620830118656,0.0936496034264564,0.0983397737145423,6.0
82,37.25743276571711,-76.09072000228825,0.7193072438240051,13441.8095703125,21139.955078125,21119,13422,21159,13461,2025-09-18T06:14:42.591021,64.81831073760986,14.17047679424286,1.4467706680297852,True,fishing,337.5,0.0869527980685234,0.0391788072884082,0.0386896058917045,0.043390043079853,0.0434606000781059,0.0453286506235599,0.0662704408168792,0.0918198153376579,0.0853993594646453,0.0639396905899047,0.0489394664764404,0.0465416647493839,0.0555565394461154,0.0549027062952518,0.0914933905005455,0.0981364250183105,6.0
83,36.98907807354132,-76.01293415679143,0.7180948853492737,10423.205078125,21325.044921875,21304,10403,21345,10443,2025-09-18T06:14:42.591021,48.199719190597534,10.89957430958748,3.51342511177063,True,fishing,67.5,0.0840651914477348,0.0495445467531681,0.0738672763109207,0.0950667262077331,0.0737323611974716,0.056483369320631,0.0502352751791477,0.0529971234500408,0.0423879325389862,0.0379091836512088,0.0471708327531814,0.0576575472950935,0.072637565433979,0.0551220215857028,0.0768869891762733,0.0742361024022102,6.0
84,37.01321166256771,-76.23615985705302,0.7115438580513,11009.2138671875,19411.408203125,19391,10989,19431,11029,2025-09-18T06:14:42.591021,50.27663707733154,12.558647990226746,1.622948169708252,True,fishing,337.5,0.0857384502887725,0.0406474322080612,0.041923739016056,0.0474476143717765,0.0484519228339195,0.0501914471387863,0.0679384022951126,0.0859966874122619,0.0756765529513359,0.0565148517489433,0.0459569580852985,0.0454307049512863,0.0570050999522209,0.0565961189568042,0.0939513742923736,0.1005326583981514,6.0
86,37.26007114312917,-76.14125977734318,0.7084477543830872,13543.3544921875,20702.328125,20682,13523,20722,13563,2025-09-18T06:14:42.592021,65.12318253517151,14.154449105262756,1.469379425048828,True,fishing,337.5,0.0871274173259735,0.0391621142625808,0.0385770797729492,0.0433014445006847,0.0432439781725406,0.0451881773769855,0.0662218928337097,0.0919689610600471,0.0856655538082122,0.0640404298901557,0.0489620864391326,0.0464808270335197,0.0554387271404266,0.0549606084823608,0.0915455520153045,0.0981151089072227,6.0
87,36.82509777988533,-75.67235712608485,0.7017701864242554,8157.3779296875,24017.34765625,23997,8137,24036,8176,2025-09-18T06:14:42.592021,59.1134250164032,13.529619574546814,1.5800318717956543,True,fishing,337.5,0.0865077376365661,0.0398182794451713,0.0401990003883838,0.0455107241868972,0.0457347892224788,0.0472578890621662,0.0665811523795127,0.0889705717563629,0.0807990953326225,0.0605607889592647,0.0478425845503807,0.0463148951530456,0.0565901547670364,0.05590046569705,0.0928165391087532,0.0985953211784362,6.0
88,36.94158934137285,-76.40198609150265,0.6998130679130554,10478.736328125,17821.90625,17801,10458,17841,10498,2025-09-18T06:14:42.592021,41.74655973911285,10.914451628923416,2.6093902587890625,True,fishing,337.5,0.0877209454774856,0.0424125716090202,0.0435968972742557,0.0487537048757076,0.0477715469896793,0.0486008711159229,0.0631041675806045,0.0821717903017997,0.0745556503534317,0.0552356243133544,0.0458100698888301,0.0448612421751022,0.0593195371329784,0.0577123276889324,0.0972000658512115,0.1011728718876838,6.0
89,37.19847971586716,-76.13304291026301,0.699336051940918,12864.5576171875,20660.0234375,20639,12844,20680,12884,2025-09-18T06:14:42.592021,64.3986463546753,14.0865296125412,1.4056246280670166,True,fishing,337.5,0.0871329307556152,0.0395274348556995,0.0388615168631076,0.0435592643916606,0.0436188951134681,0.0456117540597915,0.0663102865219116,0.0914754197001457,0.084942989051342,0.0638203248381614,0.049033835530281,0.0467191934585571,0.0554965995252132,0.0549301467835903,0.0911242663860321,0.0978351384401321,6.0
90,36.94735393778947,-75.96562499437007,0.6945046782493591,9902.978515625,21663.033203125,21643,9882,21682,9923,2025-09-18T06:14:42.592021,59.71561670303345,13.588203489780426,1.4873790740966797,True,fishing,337.5,0.0868915766477584,0.0400117486715316,0.0401134826242923,0.0450724512338638,0.0453869774937629,0.0470146313309669,0.0668634250760078,0.0894926935434341,0.0816831588745117,0.0611087456345558,0.0479800887405872,0.0463085025548934,0.0559630058705806,0.0552606657147407,0.0919773131608963,0.0988714471459388,6.0
91,37.56291721005508,-76.03704775539926,0.6938025951385498,16674.6015625,22171.37890625,22150,16654,22191,16695,2025-09-18T06:14:42.592021,45.870962738990784,10.6818787753582,3.441833257675171,True,fishing,0.0,0.0853631570935249,0.0473732203245162,0.0667729377746582,0.0837681740522384,0.0675644800066948,0.0544554814696311,0.0526190064847469,0.0566918030381202,0.0473765768110752,0.040541760623455,0.0483857803046703,0.0577654913067817,0.0715340077877044,0.0570602305233478,0.0827380716800689,0.079989843070507,6.0
92,37.19827473855303,-76.09194330153272,0.6929816603660583,12802.9072265625,21019.546875,21000,12782,21038,12823,2025-09-18T06:14:42.592021,65.98185896873474,14.286327362060549,1.4653403759002686,True,fishing,337.5,0.087215319275856,0.0391786023974418,0.0385238714516162,0.0432460494339466,0.0431283824145793,0.0449700504541397,0.0660553276538848,0.0920395627617836,0.0859924629330635,0.0644018426537513,0.0491643883287906,0.0466282702982425,0.0554505102336406,0.0548591986298561,0.0913357064127922,0.0978103876113891,6.0
93,36.93616842023827,-75.97818975064108,0.6914536356925964,9800.0234375,21531.876953125,21512,9780,21551,9819,2025-09-18T06:14:42.592021,65.93296527862549,14.267709851264954,1.3611645698547363,True,fishing,337.5,0.087603822350502,0.0396720319986343,0.0387194193899631,0.0431909039616584,0.0431925989687442,0.0453633368015289,0.0660812482237815,0.0920386165380477,0.0856029912829399,0.064493604004383,0.0490970350801944,0.0467189289629459,0.0552700161933898,0.0544935129582881,0.0907279774546623,0.0977339223027229,6.0
94,37.185720242728685,-76.175413845327,0.6829103231430054,12788.056640625,20265.13671875,20244,12768,20285,12807,2025-09-18T06:14:42.592021,65.7020092010498,14.31620568037033,1.3836114406585691,True,fishing,337.5,0.0866853520274162,0.03916797041893,0.0388838164508342,0.043392676860094,0.0435861907899379,0.0453460849821567,0.066165916621685,0.091830737888813,0.0853625461459159,0.064164899289608,0.0489122308790683,0.0467707328498363,0.0558436103165149,0.0545313879847526,0.0913604572415351,0.0979953184723854,6.0
95,37.22638138957885,-76.44069408507139,0.6731570959091187,13615.607421875,18020.890625,18001,13595,18040,13635,2025-09-18T06:14:42.592021,55.70301413536072,13.115294277668,1.5683834552764893,True,fishing,337.5,0.0868812203407287,0.0406400822103023,0.0409469865262508,0.0461701974272728,0.046601328998804,0.0483307875692844,0.0670509114861488,0.0876863524317741,0.0789383202791214,0.0591129586100578,0.0472734533250331,0.0461023524403572,0.0563944019377231,0.0559993460774421,0.0925595760345459,0.0993115529417991,6.0
96,37.1401870723868,-76.14305706038675,0.6723925471305847,12248.0,20464.119140625,20443,12227,20484,12268,2025-09-18T06:14:42.592021,31.33651316165924,7.965841144323349,2.893104314804077,True,fishing,337.5,0.0887558758258819,0.0477134957909584,0.0485693551599979,0.053923487663269,0.0505766011774539,0.0488354191184043,0.0617212764918804,0.0730042532086372,0.0683328211307525,0.0528281964361667,0.0487562306225299,0.0489946827292442,0.0612821839749813,0.0604085065424442,0.0907036811113357,0.0955938324332237,6.0
97,36.855130769640766,-75.75247217475909,0.6711151003837585,8597.0791015625,23367.44921875,23347,8576,23387,8617,2025-09-18T06:14:42.592021,56.19055032730103,13.256283104419708,1.5155436992645264,True,fishing,337.5,0.0858007296919822,0.0398611277341842,0.040938813239336,0.0461938977241516,0.0469909831881523,0.0484576672315597,0.0675812661647796,0.0879949256777763,0.078824833035469,0.058915551751852,0.0470203794538974,0.0460498444736003,0.0567391104996204,0.0559137053787708,0.0931457206606864,0.099571444094181,6.0
98,37.47398427329951,-76.17407705109622,0.6702012419700623,15907.1904296875,20812.71875,20792,15886,20832,15927,2025-09-18T06:14:42.592021,55.86659908294678,13.170020282268524,1.5879454612731934,True,fishing,337.5,0.0864493250846862,0.0400671735405921,0.0408389940857887,0.0460611991584301,0.0466368310153484,0.0482853837311267,0.0673556625843048,0.0880947485566139,0.0789349898695945,0.0588388368487358,0.0467996075749397,0.0457077287137508,0.0565221421420574,0.0559322237968444,0.0935006216168403,0.0999745279550552,6.0
99,37.04612910628517,-76.06258074008997,0.6681368350982666,11112.7822265625,20995.12109375,20974,11092,21015,11132,2025-09-18T06:14:42.592021,38.49442005157471,9.838536381721497,2.8498756885528564,True,fishing,337.5,0.08899487555027,0.044047512114048,0.0453078746795654,0.051156185567379,0.0487482547760009,0.0484399758279323,0.0614539384841918,0.0784698873758316,0.0723644569516182,0.0541781559586524,0.0472311563789844,0.046802319586277,0.0610775873064994,0.0587980709969997,0.0950515195727348,0.0978782325983047,6.0
100,37.18332198762292,-76.11171336499622,0.6678614020347595,12669.46875,20818.73828125,20798,12648,20838,12690,2025-09-18T06:14:42.592021,63.87112736701965,14.045758545398712,1.4477789402008057,True,fishing,337.5,0.0870716422796249,0.039455734193325,0.0390271954238414,0.0438156612217426,0.0438959561288356,0.0457362309098243,0.0664542540907859,0.0912409722805023,0.084501713514328,0.06325613707304,0.0487674176692962,0.0465444214642047,0.0555806793272495,0.05502325668931,0.0914551839232444,0.0981734842061996,6.0
101,36.04737163506854,-76.69561436009005,0.654956042766571,1265.6932373046875,13509.7177734375,13490,1245,13528,1286,2025-09-18T06:14:42.592021,57.230591773986816,13.125449419021606,1.7491886615753174,True,fishing,337.5,0.0873544141650199,0.0410718396306037,0.041114754974842,0.0465685762465,0.0460947528481483,0.0472530983388423,0.065076507627964,0.0869437381625175,0.0800808668136596,0.0605266466736793,0.0488353744149208,0.047297466546297,0.0573874302208423,0.0559611953794956,0.0912970677018165,0.0971362739801406,6.0
102,35.9749761311116,-76.59106010499771,0.6539270281791687,323.1903686523437,14297.177734375,14277,303,14316,343,2025-09-18T06:14:42.592021,41.43320322036743,10.617972165346146,2.803349494934082,True,fishing,337.5,0.0884792283177375,0.042807076126337,0.0441923402249813,0.0501255355775356,0.0481882318854332,0.0486639849841594,0.0618388541042804,0.080220028758049,0.0729981288313865,0.0545417219400405,0.0464571043848991,0.0459509007632732,0.0608434677124023,0.0586763173341751,0.0970909520983696,0.0989261865615844,6.0
105,37.01548052596407,-76.04727728895902,0.637539267539978,10758.76953125,21072.5,21052,10739,21092,10778,2025-09-18T06:14:42.592021,34.234705567359924,8.818760514259338,2.983149290084839,True,fishing,337.5,0.0890509262681007,0.0464868880808353,0.0482884123921394,0.0550311766564846,0.0507962107658386,0.0486611612141132,0.0602376721799373,0.0726272836327552,0.067596711218357,0.0523222312331199,0.0494905225932598,0.0500460527837276,0.0629588738083839,0.0603803247213363,0.0916347429156303,0.0943908393383026,6.0
106,37.00997596430748,-76.0951278784701,0.6246609687805176,10768.572265625,20642.04296875,20621,10748,20662,10788,2025-09-18T06:14:42.592021,40.20336866378784,10.478892177343369,2.9562671184539795,True,fishing,337.5,0.0900345668196678,0.0437478758394718,0.0459475368261337,0.0522131361067295,0.0491384416818618,0.0485251732170581,0.0608724877238273,0.0771872773766517,0.0704585909843444,0.0525893718004226,0.0465599261224269,0.0469727143645286,0.0619299076497554,0.0587595216929912,0.0961896628141403,0.0988738238811492,6.0
108,36.99780571550967,-76.35481091500719,0.6197851300239563,11016.986328125,18341.55859375,18321,11000,18361,11033,2025-09-18T06:14:42.592021,60.79634428024292,14.115945994853972,1.614989995956421,True,fishing,337.5,0.0879848375916481,0.0410866737365722,0.0412515848875045,0.0463933870196342,0.0463987812399864,0.0457921847701072,0.0648177787661552,0.0860743001103401,0.0805871337652206,0.060768011957407,0.0493740104138851,0.0485237352550029,0.0579682849347591,0.0548284687101841,0.0901151821017265,0.0980356335639953,6.0
109,37.2674550001812,-76.03135477360874,0.6133446097373962,13465.052734375,21677.0703125,21657,13445,21696,13485,2025-09-18T06:14:42.592021,59.90598201751709,13.555057346820831,2.097280740737915,True,fishing,337.5,0.0931391343474388,0.0428197756409645,0.0400508567690849,0.0440399311482906,0.0435311384499073,0.0459801070392131,0.0646628215909004,0.0880107805132865,0.0807452201843261,0.0599909424781799,0.0475705079734325,0.046747650951147,0.0559123940765857,0.0555749535560607,0.0908460617065429,0.1003777012228965,6.0
110,37.1293745899433,-75.91123138418688,0.6028470993041992,11796.7841796875,22474.68359375,22454,11776,22494,11817,2025-09-18T06:14:42.592021,61.42539381980896,13.855309784412384,1.0666849613189695,True,fishing,337.5,0.0798708871006965,0.038172248750925,0.0414251945912838,0.046502411365509,0.0488383285701274,0.0487106926739215,0.0651125460863113,0.0843095406889915,0.0756667181849479,0.0606213919818401,0.050147071480751,0.0522437281906604,0.0637525245547294,0.0576593317091465,0.0915548130869865,0.0954126119613647,6.0
113,37.23058168919631,-76.11411769221579,0.5879790782928467,13184.744140625,20885.32421875,20865,13165,20905,13204,2025-09-18T06:14:42.592021,64.94627594947815,14.259083569049835,1.4373199939727783,True,fishing,337.5,0.0874283984303474,0.0395460352301597,0.0388779789209365,0.0434569492936134,0.0435647182166576,0.0452721528708934,0.0663192942738533,0.0918170437216758,0.0853740349411964,0.0638268366456031,0.0487794876098632,0.0464393831789493,0.0553567185997962,0.0545434802770614,0.0911765694618225,0.0982208549976348,6.0
115,36.21925371559503,-75.7997977998665,0.5847618579864502,1776.85205078125,21781.2421875,21760,1756,21801,1796,2025-09-18T06:14:42.592021,46.14664912223816,12.36402988433838,0.4942145347595215,True,fishing,315.0,0.0594723559916019,0.030807077884674,0.0487865172326564,0.051079511642456,0.0625044777989387,0.0537176802754402,0.0638948306441307,0.0742986723780632,0.0624741241335868,0.0534997172653675,0.0467405579984188,0.0553844422101974,0.0820104703307151,0.0571406781673431,0.0997848212718963,0.0984040349721908,6.0
118,36.83970675144197,-75.80146778932064,0.5817793011665344,8500.228515625,22908.650390625,22888,8480,22928,8519,2025-09-18T06:14:42.592021,49.85191226005554,12.465903908014296,1.7828106880187988,True,fishing,337.5,0.085581749677658,0.0407765507698059,0.0420910529792308,0.0479253232479095,0.0485322698950767,0.0499717369675636,0.0667471587657928,0.0852300822734832,0.0754298642277717,0.0567130222916603,0.0464058220386505,0.0457680486142635,0.0579033829271793,0.0570953898131847,0.0943160131573677,0.0995125547051429,6.0
119,36.9656626575016,-76.11334381195985,0.575624406337738,10315.4287109375,20399.77734375,20379,10300,20420,10330,2025-09-18T06:14:42.592021,45.65354883670807,11.729230731725693,2.2130911350250244,True,fishing,337.5,0.0862693488597869,0.0413323268294334,0.0426924675703048,0.0481475368142128,0.0481113754212856,0.0498053878545761,0.0656239315867424,0.0841192007064819,0.074442557990551,0.0552524514496326,0.0451359748840332,0.044565912336111,0.0583473443984985,0.057660449296236,0.0969284549355506,0.1015652120113372,6.0
122,36.92575539008159,-76.12719340561105,0.5677775740623474,9903.6123046875,20204.0859375,20184,9883,20223,9923,2025-09-18T06:14:42.592021,51.53292417526245,12.548704445362093,2.0378129482269287,True,fishing,337.5,0.0897584035992622,0.0434745773673057,0.0427828095853328,0.0473881624639034,0.0469360947608947,0.0478647723793983,0.0648015663027763,0.0844570472836494,0.0775631293654441,0.0575511679053306,0.0472045131027698,0.0465274043381214,0.0573137812316417,0.055834025144577,0.0913640484213829,0.0991785675287246,6.0
123,37.02687194380852,-76.05366977684277,0.5668766498565674,10891.3671875,21037.55078125,21017,10871,21057,10911,2025-09-18T06:14:42.592021,63.24061155319214,14.060448110103607,1.380690574645996,True,fishing,337.5,0.0864439457654953,0.03957050293684,0.0395154543220996,0.0441272035241127,0.0445209629833698,0.0460658781230449,0.0663537010550499,0.0907668024301529,0.0839553549885749,0.0632377937436103,0.0487778857350349,0.0468262061476707,0.0560367666184902,0.0546598546206951,0.0911145880818367,0.0980270281434059,6.0
125,36.91727690083297,-75.96591526994575,0.5636680722236633,9577.705078125,21604.638671875,21584,9558,21624,9597,2025-09-18T06:14:42.592021,30.448445677757263,7.664252817630768,2.7731051445007324,True,fishing,337.5,0.0867416337132453,0.0468593649566173,0.048729833215475,0.0540646091103553,0.051329355686903,0.0493306182324886,0.062074851244688,0.0728455185890197,0.0680613368749618,0.052892081439495,0.0488998517394065,0.0491987615823745,0.0618553571403026,0.0607898533344268,0.0909349769353866,0.0953919813036918,6.0
127,36.759019604897325,-75.6167276233461,0.5449628233909607,7361.5078125,24387.6640625,24367,7341,24407,7381,2025-09-18T06:14:42.592021,66.64525866508484,14.378757774829865,1.416862964630127,True,fishing,337.5,0.0873629227280616,0.039276048541069,0.038399614393711,0.0429247394204139,0.0428278967738151,0.0448475070297718,0.0660084784030914,0.0924629122018814,0.0864685177803039,0.0648360103368759,0.049187071621418,0.0466174595057964,0.055307388305664,0.0546097606420517,0.0911237075924873,0.0977399721741676,6.0
128,37.01752109192656,-75.93348759535705,0.5361152291297913,10616.5185546875,22074.6640625,22054,10600,22094,10633,2025-09-18T06:14:42.593023,46.04339599609375,10.929841548204422,3.4486515522003174,True,fishing,0.0,0.0866640359163284,0.048159472644329,0.0677699521183967,0.0847044959664344,0.0682166963815689,0.0546810328960418,0.0530250407755374,0.0557115338742733,0.0460721924901008,0.0392423644661903,0.0472176559269428,0.0573006235063076,0.0712787583470344,0.0566437095403671,0.0825987681746482,0.0807137265801429,6.0
130,36.91635990763719,-75.92294941118425,0.5224485397338867,9505.517578125,21980.931640625,21960,9485,22001,9525,2025-09-18T06:14:42.593023,46.25949263572693,11.104113608598707,3.4692752361297607,True,fishing,67.5,0.0868796780705452,0.0493812188506126,0.0705589205026626,0.0879505723714828,0.06985954195261,0.0547427795827388,0.0521595068275928,0.0535458028316497,0.0439649075269699,0.0379502698779106,0.0469545684754848,0.0578863359987735,0.0717701762914657,0.055860836058855,0.0809855461120605,0.0795493721961975,6.0
131,37.006191123180336,-76.02773220709292,0.5189962387084961,10629.9150390625,21226.90625,21205,10610,21247,10649,2025-09-18T06:14:42.593023,48.352980613708496,11.143186688423157,3.510070323944092,True,fishing,67.5,0.0849321112036705,0.0508071966469287,0.0766658037900924,0.0991436541080474,0.0760903134942054,0.0570820458233356,0.0497402995824813,0.0505982711911201,0.0395936854183673,0.0358502604067325,0.0458389930427074,0.057533249258995,0.0727181583642959,0.0541608594357967,0.0755400955677032,0.0737049505114555,6.0
