detect_id,lat,lon,confidence,preprocess_row,preprocess_column,bbox_x1,bbox_y1,bbox_x2,bbox_y2,timestamp,vessel_length_m,vessel_width_m,vessel_speed_k,is_fishing_vessel,vessel_type,heading_degrees,heading_bucket_0,heading_bucket_1,heading_bucket_2,heading_bucket_3,heading_bucket_4,heading_bucket_5,heading_bucket_6,heading_bucket_7,heading_bucket_8,heading_bucket_9,heading_bucket_10,heading_bucket_11,heading_bucket_12,heading_bucket_13,heading_bucket_14,heading_bucket_15
0,37.27997016505953,-76.09778879632988,0.9151113629341125,13696.126953125,21119.62109375,21099,13676,21139,13716,2025-09-17T11:15:53.130517,84.84862446784973,16.20686948299408,0.8780180215835571,True,fishing,157.5,0.09329001605510712,0.04288017004728317,0.03689321503043175,0.03947119042277336,0.037825219333171844,0.04133809730410576,0.06181676685810089,0.09551647305488586,0.09222055971622467,0.07355907559394836,0.052392225712537766,0.0487525574862957,0.05320626497268677,0.051534559577703476,0.08581501245498657,0.09348859637975693
1,37.26989624336116,-77.06106668602769,0.90106600522995,15014.67578125,12683.42578125,12663,14994,12703,15035,2025-09-17T11:15:53.130517,81.83872699737549,15.723122656345367,0.8741358518600464,True,fishing,157.5,0.0927320197224617,0.04308083653450012,0.037615932524204254,0.04062406346201897,0.03915785253047943,0.04263855516910553,0.0624501034617424,0.09415648132562637,0.08953143656253815,0.07165553420782089,0.052138034254312515,0.048904482275247574,0.053727999329566956,0.05214069411158562,0.08606862276792526,0.09337742626667023
2,36.87587482496265,-76.50044502754201,0.8990944623947144,9914.6904296875,16831.86328125,16812,9894,16851,9934,2025-09-17T11:15:53.130517,79.07329797744751,15.29156118631363,1.0642344951629639,True,fishing,337.5,0.0915902778506279,0.042173780500888824,0.03769084811210632,0.04111845791339874,0.03991471230983734,0.04282469302415848,0.06245154142379761,0.09306331723928452,0.08911336213350296,0.0709962472319603,0.05257777124643326,0.048977918922901154,0.05448766425251961,0.05298992246389389,0.08651397377252579,0.09351558238267899
3,35.98131946859191,-76.58875836708073,0.8934295773506165,388.1190185546875,14329.98046875,14310,368,14349,407,2025-09-17T11:15:53.130517,60.176002979278564,12.751029431819916,1.2253384590148926,True,fishing,337.5,0.08797076344490051,0.04191744327545166,0.041307006031274796,0.047331418842077255,0.04759085178375244,0.05035655200481415,0.06757617741823196,0.08618282526731491,0.07561755925416946,0.058742422610521317,0.04813713580369949,0.04735095053911209,0.055996719747781754,0.05672488734126091,0.09114988893270493,0.09604739397764206
4,37.461459768130936,-76.13850926130849,0.8860889673233032,15720.591796875,21099.564453125,21079,15700,21119,15740,2025-09-17T11:15:53.130517,84.57313179969788,16.165658831596375,0.8746925592422485,True,fishing,157.5,0.09331032633781433,0.042926862835884094,0.03697628155350685,0.03956550732254982,0.037943173199892044,0.041461244225502014,0.06192833185195923,0.09543505311012268,0.09197203814983368,0.07332618534564972,0.05228392407298088,0.048711393028497696,0.05320219695568085,0.05154154449701309,0.08585779368877411,0.09355819970369339
5,37.49179836561201,-75.96468097201364,0.8840149641036987,15801.01171875,22671.46484375,22651,15780,22691,15821,2025-09-17T11:15:53.130517,55.052727460861206,11.879593878984451,2.0511250495910645,True,fishing,337.5,0.08897758275270462,0.04229843243956566,0.04212529584765434,0.04722833260893822,0.04619196802377701,0.04805845394730568,0.06407161056995392,0.08458054065704346,0.07652297616004944,0.05822223424911499,0.04738777503371239,0.04656003788113594,0.05771220847964287,0.057121582329273224,0.09442482888698578,0.09851614385843277
6,37.17614791891063,-76.15402462567988,0.8765385746955872,12653.2998046875,20434.763671875,20414,12633,20454,12673,2025-09-17T11:15:53.130517,84.96612310409546,16.245821118354797,0.8613461852073669,True,fishing,157.5,0.09344182908535004,0.04300542175769806,0.03690212219953537,0.03940486162900925,0.037732988595962524,0.04127969965338707,0.06177407503128052,0.09559669345617294,0.09236548095941544,0.07370707392692566,0.05238529294729233,0.04874275252223015,0.053101446479558945,0.05139339715242386,0.08567656576633453,0.09349031001329422
7,37.27254831423335,-76.14150689699777,0.8644583821296692,13678.802734375,20723.31640625,20703,13659,20742,13698,2025-09-17T11:15:53.130517,85.2986752986908,16.2818044424057,0.8786525130271912,True,fishing,157.5,0.09332966059446335,0.04284544289112091,0.036757126450538635,0.0392797477543354,0.0375916063785553,0.04111757129430771,0.06163761764764786,0.09571366012096405,0.09268594533205032,0.07396885007619858,0.05253365635871887,0.048779141157865524,0.053158100694417953,0.05146937072277069,0.0857120156288147,0.09342046082019806
8,36.5266124476,-75.8200072472371,0.8623141050338745,5134.7529296875,22169.69140625,22149,5114,22189,5155,2025-09-17T11:15:53.130517,81.54316544532776,15.665200352668762,0.8846062421798706,True,fishing,157.5,0.09307682514190674,0.043099433183670044,0.03776536136865616,0.04060143604874611,0.03924938291311264,0.04271199181675911,0.06287446618080139,0.09430258721113205,0.08943881839513779,0.07109144330024719,0.051493749022483826,0.04845554381608963,0.0534479022026062,0.05186760053038597,0.08640311658382416,0.09412030130624771
9,37.23628710143721,-76.93425907133081,0.8609629273414612,14459.6689453125,13724.4521484375,13704,14440,13744,14479,2025-09-17T11:15:53.130517,79.50424551963806,15.348710119724274,0.9266955852508545,True,fishing,337.5,0.09203217178583145,0.042643073946237564,0.037778180092573166,0.04108745977282524,0.03988756611943245,0.043362606316804886,0.06314405053853989,0.09358753263950348,0.0883534774184227,0.07034703344106674,0.05172406882047653,0.048633310943841934,0.05398029088973999,0.05273677781224251,0.0868104100227356,0.09389201551675797
10,36.59854165525904,-75.55056869335377,0.8539392352104187,5526.9287109375,24680.33203125,24660,5506,24700,5547,2025-09-17T11:15:53.130517,67.68652200698853,13.654893636703491,0.9401214122772217,True,fishing,337.5,0.09002639353275299,0.042576055973768234,0.04054892808198929,0.045198943465948105,0.045186229050159454,0.04852902516722679,0.06673301011323929,0.08866462856531143,0.0790800079703331,0.06207486614584923,0.04873327910900116,0.04770423471927643,0.0549127571284771,0.05467856302857399,0.08961004763841629,0.09574306011199951
11,37.043310567773354,-76.15049816811994,0.8517088890075684,11210.244140625,20218.17578125,20197,11190,20238,11230,2025-09-17T11:15:53.130517,71.6576337814331,14.19842541217804,0.9491593837738037,True,fishing,337.5,0.09011542797088623,0.04236390069127083,0.03991791233420372,0.04462120682001114,0.044216338545084,0.04728364944458008,0.0655866265296936,0.08936424553394318,0.08088701218366623,0.06411990523338318,0.04988167807459831,0.048472557216882706,0.05528773367404938,0.05454682558774948,0.08891115337610245,0.09442377090454102
12,36.91653745104239,-75.55259861256724,0.8507390022277832,8979.142578125,25237.017578125,25216,8959,25257,8998,2025-09-17T11:15:53.130517,74.03493523597717,14.539957046508789,0.9281184673309326,True,fishing,337.5,0.09144730865955353,0.04284950718283653,0.039513301104307175,0.043322306126356125,0.0426955446600914,0.04592398926615715,0.06494070589542389,0.090817391872406,0.08341804891824722,0.06595213711261749,0.05002009496092796,0.04816373810172081,0.054441340267658234,0.05339391157031059,0.08815591782331467,0.09494475275278091
13,36.236927902872836,-76.07467262991273,0.84849613904953,2372.8212890625,19378.705078125,19358,2352,19398,2392,2025-09-17T11:15:53.130517,66.15093946456909,13.47855031490326,1.6353428363800049,True,fishing,337.5,0.09016584604978561,0.04261307418346405,0.04004685580730438,0.04478812217712402,0.04301099479198456,0.04452061653137207,0.062433913350105286,0.08705875277519226,0.0834757536649704,0.06545181572437286,0.05252598971128464,0.049959857016801834,0.05684203654527664,0.05587900057435036,0.08803576976060867,0.09319169819355011
14,37.20549376651098,-76.64796199981394,0.8431539535522461,13696.947265625,16168.513671875,16148,13677,16188,13716,2025-09-17T11:15:53.130517,78.31108570098877,15.190903842449188,0.879883885383606,True,fishing,337.5,0.09254726022481918,0.04324296489357948,0.03861289843916893,0.04182136803865433,0.04072262719273567,0.04412107914686203,0.06374388933181763,0.09274435043334961,0.08673557639122009,0.06892227381467819,0.050915103405714035,0.04841378703713417,0.0538201779127121,0.0524045005440712,0.08690275996923447,0.09432952105998993
15,36.752695197819094,-75.57561385822186,0.8397653698921204,7234.4091796875,24738.15234375,24717,7214,24758,7254,2025-09-17T11:15:53.130517,83.03747177124023,15.8928781747818,0.8936551809310913,True,fishing,157.5,0.09301825612783432,0.042911794036626816,0.03739349916577339,0.04023795202374458,0.03875607252120972,0.04217119142413139,0.06240157037973404,0.09466741234064102,0.09042394906282425,0.07204316556453705,0.05196881294250488,0.04869728535413742,0.053508270531892776,0.051883671432733536,0.08623063564300537,0.0936865359544754
16,36.207518798171435,-76.71736931001107,0.8348656296730042,3026.9423828125,13628.7890625,13608,3007,13648,3046,2025-09-17T11:15:53.130517,81.40668869018555,15.643668174743652,0.8830200433731079,True,fishing,157.5,0.09283191710710526,0.04294244572520256,0.037607789039611816,0.04048760607838631,0.03915669396519661,0.042697418481111526,0.06289105862379074,0.09442819654941559,0.08956022560596466,0.07121797651052475,0.05159026384353638,0.04849380627274513,0.05350009724497795,0.05200163275003433,0.08648590743541718,0.09410694986581802
17,36.925753987504734,-76.1776729559031,0.8327623009681702,9977.2685546875,19761.06640625,19740,9957,19781,9997,2025-09-17T11:15:53.130517,84.01192426681519,16.058380901813507,0.890322744846344,True,fishing,157.5,0.09317690134048462,0.04286285489797592,0.03708808496594429,0.039761170744895935,0.03820313140749931,0.04167312756180763,0.06207761541008949,0.09520617127418518,0.091502346098423,0.07289969176054001,0.05218346789479256,0.04868648201227188,0.05332240089774132,0.05167597532272339,0.08602581173181534,0.09365485608577728
18,36.20944473752357,-75.97410129777255,0.8312885165214539,1926.8006591796875,20218.18359375,20197,1906,20238,1947,2025-09-17T11:15:53.130517,81.99334144592285,15.787473320960999,1.1199095249176025,True,fishing,337.5,0.08990063518285751,0.04135368764400482,0.03741539269685745,0.04050121828913689,0.03945855051279068,0.04153309762477875,0.060924746096134186,0.0911073386669159,0.09022066742181778,0.07328633219003677,0.05533865839242935,0.0519254207611084,0.05649172514677048,0.05335394665598869,0.085401251912117,0.09178723394870758
19,37.316587348203086,-77.22270995022976,0.8163345456123352,15765.4375,11364.443359375,11344,15744,11384,15786,2025-09-17T11:15:53.130517,85.3053331375122,16.282179951667786,0.8808799982070923,True,fishing,157.5,0.09334633499383926,0.04282582923769951,0.03674580529332161,0.03925853967666626,0.037584368139505386,0.04110565036535263,0.06166120991110802,0.09576570242643356,0.09271318465471268,0.07394444942474365,0.052492301911115646,0.04873855412006378,0.053139250725507736,0.0514485239982605,0.08574575185775757,0.09348452836275101
20,36.19013981534361,-76.45498233977929,0.8100805282592773,2438.091796875,15920.384765625,15899,2418,15940,2458,2025-09-17T11:15:53.130517,76.14114284515381,14.995433390140533,1.2517900466918945,True,fishing,337.5,0.0909569188952446,0.04188139736652374,0.03801266849040985,0.04192996025085449,0.040609024465084076,0.04270098730921745,0.06221763417124748,0.09145760536193848,0.08859946578741074,0.07016628980636597,0.05329267308115959,0.049617089331150055,0.05521203577518463,0.05377376079559326,0.08647409826517105,0.09309849888086319
21,36.955022898004884,-76.04218954919602,0.8066500425338745,10096.736328125,21004.638671875,20984,10076,21024,10116,2025-09-17T11:15:53.130517,80.83056807518005,15.545302629470825,0.9013502597808838,True,fishing,337.5,0.09293290972709656,0.04306669905781746,0.03797909617424011,0.04092612862586975,0.03963323310017586,0.043016016483306885,0.06303718686103821,0.09381495416164398,0.08879504352807999,0.07054957747459412,0.05139530450105667,0.04846892133355141,0.0535941943526268,0.05205569788813591,0.08658179640769958,0.09415317326784134
22,36.875174195983455,-76.34882413641384,0.8003995418548584,9681.7978515625,18162.5703125,18142,9662,18182,9701,2025-09-17T11:15:53.130517,80.78309893608093,15.550567209720612,0.8880621194839478,True,fishing,157.5,0.0925941914319992,0.04292509704828262,0.03778031840920448,0.04086918756365776,0.039578359574079514,0.043054766952991486,0.0630030632019043,0.09393204748630524,0.08878933638334274,0.07071739435195923,0.05162602663040161,0.04863565042614937,0.053720563650131226,0.052270542830228806,0.08659059554338455,0.0939130038022995
23,37.21984414409032,-76.7906942978554,0.7963347434997559,14065.62109375,14947.59375,14927,14045,14967,14085,2025-09-17T11:15:53.130517,84.58089828491211,16.156139969825745,0.8844674825668335,True,fishing,157.5,0.09324386715888977,0.04286017268896103,0.036953795701265335,0.03956051170825958,0.03793951869010925,0.04142872244119644,0.06189453974366188,0.095412977039814,0.0920153558254242,0.07336144149303436,0.052333272993564606,0.048737138509750366,0.053251415491104126,0.051579806953668594,0.08588573336601257,0.09354179352521896
24,36.90464629688311,-75.7124902325035,0.7902395129203796,9077.111328125,23808.7890625,23789,9057,23828,9096,2025-09-17T11:15:53.130517,68.77896189689636,13.803018629550934,0.938149631023407,True,fishing,337.5,0.09020332247018814,0.04258554056286812,0.04038944095373154,0.0449414998292923,0.04483006149530411,0.04812890291213989,0.06644471734762192,0.08895128220319748,0.07970729470252991,0.06266457587480545,0.048959918320178986,0.047824960201978683,0.05488976836204529,0.05450815707445145,0.08941153436899185,0.0955590009689331
25,37.2336143843218,-76.91634430530944,0.789680540561676,14403.66796875,13875.833984375,13855,14383,13896,14423,2025-09-17T11:15:53.130517,61.046963930130005,12.682472169399261,1.953115701675415,True,fishing,337.5,0.08983122557401657,0.04251101613044739,0.04134923592209816,0.04688900709152222,0.044907063245773315,0.04607705399394035,0.06233815476298332,0.08475811034440994,0.07915575057268143,0.06159770116209984,0.05075838789343834,0.04932712763547897,0.058505937457084656,0.057078611105680466,0.09075020253658295,0.09416541457176208
26,37.292673668410586,-76.58472318194023,0.7824263572692871,14545.0205078125,16886.94921875,16867,14525,16906,14564,2025-09-17T11:15:53.130517,81.59651160240173,15.664786100387573,0.9083206653594971,True,fishing,157.5,0.09253697097301483,0.04274347424507141,0.03753168135881424,0.04059792309999466,0.0392225943505764,0.04264926537871361,0.06271088868379593,0.09415256977081299,0.08952054381370544,0.0713561624288559,0.05193803086876869,0.04876934736967087,0.053773533552885056,0.0522955022752285,0.08650920540094376,0.09369246661663055
27,36.122452808236126,-75.80882597349444,0.7790773510932922,742.12451171875,21521.53125,21501,721,21541,762,2025-09-17T11:15:53.130517,69.04945373535156,13.965095579624176,1.40458083152771,True,fishing,337.5,0.09031963348388672,0.041968174278736115,0.03936802223324776,0.04385322704911232,0.04286773130297661,0.04492608457803726,0.06384679675102234,0.08954034745693207,0.08421628177165985,0.06567906588315964,0.05126557871699333,0.048354845494031906,0.055355608463287354,0.05482306703925133,0.08860547840595245,0.09501007944345474
28,37.050267817191326,-76.55253288782558,0.7756938338279724,11877.2421875,16707.02734375,16687,11857,16726,11896,2025-09-17T11:15:53.130517,82.58604407310486,15.8132404088974,0.8946722149848938,True,fishing,157.5,0.09301683306694031,0.0429464727640152,0.037484310567379,0.040336985141038895,0.03889215365052223,0.042324285954236984,0.06253515928983688,0.0945490151643753,0.09013684093952179,0.07176575064659119,0.051851823925971985,0.04863985627889633,0.053502392023801804,0.051917679607868195,0.0863015279173851,0.09379896521568298
29,37.08545088137186,-76.33716404446298,0.774852454662323,11939.1201171875,18661.421875,18641,11919,18681,11959,2025-09-17T11:15:53.130517,69.19239163398743,13.988034427165985,1.7086586952209473,True,fishing,337.5,0.09012623131275177,0.041943762451410294,0.040445875376462936,0.04609214887022972,0.044149477034807205,0.044849906116724014,0.061502475291490555,0.08677268028259277,0.08187934011220932,0.0648639127612114,0.052900709211826324,0.050241198390722275,0.058055561035871506,0.055962204933166504,0.08815881609916687,0.09205561876296997
30,37.390282494080694,-76.18917359218388,0.771816074848175,15022.576171875,20525.94140625,20505,15002,20546,15042,2025-09-17T11:15:53.130517,37.658318877220154,9.107083827257156,2.733886957168579,True,fishing,337.5,0.0888637974858284,0.04579046741127968,0.04582173004746437,0.052558813244104385,0.04931735247373581,0.049547888338565826,0.06121010705828667,0.07600998133420944,0.07020685076713562,0.05376502126455307,0.04878726601600647,0.049131009727716446,0.061588943004608154,0.060320187360048294,0.09288554638624191,0.09419506043195724
31,35.96217404954333,-76.59517555367589,0.7701282501220703,191.4182891845703,14235.7001953125,14216,171,14255,211,2025-09-17T11:15:53.130517,,,,,,,,,,,,,,,,,,,,,,
32,36.0080470505602,-76.58008571199602,0.7661159038543701,663.2669677734375,14459.080078125,14438,643,14479,683,2025-09-17T11:15:53.130517,70.4028069972992,14.085882902145386,1.259411334991455,True,fishing,337.5,0.08922184258699417,0.04126351326704025,0.038847777992486954,0.0436483733355999,0.043021224439144135,0.045661453157663345,0.06478367745876312,0.09029371291399002,0.0837622731924057,0.06554444879293442,0.050890568643808365,0.048164788633584976,0.05544348061084747,0.05533604323863983,0.08924530446529388,0.09487143903970718
33,37.41693390316156,-75.93645854975429,0.7660505771636963,14949.2744140625,22781.1953125,22761,14929,22800,14968,2025-09-17T11:15:53.130517,75.88702440261841,14.742319285869598,1.1964657306671143,True,fishing,337.5,0.0911269411444664,0.04208732023835182,0.038190312683582306,0.04188389703631401,0.04073125496506691,0.043314073234796524,0.06277848780155182,0.09179352968931198,0.08803852647542953,0.06961395591497421,0.052482835948467255,0.04884251579642296,0.054643139243125916,0.05370040982961655,0.08698912709951401,0.09378364682197571
34,37.257466425689344,-76.53443175450029,0.7651746273040771,14090.17578125,17259.5625,17239,14071,17279,14109,2025-09-17T11:15:53.130517,84.85031127929688,16.208380460739136,0.8779021501541138,True,fishing,157.5,0.09330599009990692,0.042885176837444305,0.036895498633384705,0.03946125879883766,0.037816233932971954,0.04132780060172081,0.06181900575757027,0.0955357700586319,0.09224539995193481,0.07356423884630203,0.05237835273146629,0.04873992130160332,0.053195394575595856,0.051514361053705215,0.0858069434762001,0.09350865334272385
35,37.00845357408054,-76.32207226215161,0.7606426477432251,11084.12109375,18648.421875,18629,11064,18667,11103,2025-09-17T11:15:53.130517,83.6790919303894,16.005493700504303,0.8904472589492798,True,fishing,157.5,0.09306392818689346,0.042873725295066833,0.037182461470365524,0.0399315245449543,0.038386519998311996,0.04183284565806389,0.06213720887899399,0.09498252719640732,0.09114884585142136,0.07269398123025894,0.05220295116305351,0.04875241219997406,0.05343131348490715,0.05178004503250122,0.0860365554690361,0.09356315433979034
36,37.11967660169907,-76.64394597616456,0.7583611011505127,12763.626953125,16039.505859375,16020,12744,16058,12783,2025-09-17T11:15:53.130517,85.27360558509827,16.285701096057892,0.8667652606964111,True,fishing,157.5,0.09342370927333832,0.04295157641172409,0.036798372864723206,0.03927672281861305,0.03757622838020325,0.04112721607089043,0.06164310500025749,0.09573613107204437,0.09270104020833969,0.07399369031190872,0.05250028893351555,0.04876241832971573,0.05308486148715019,0.051380570977926254,0.08561817556619644,0.09342591464519501
37,37.212183932867966,-76.91685104546944,0.7573821544647217,14173.0888671875,13829.826171875,13809,14153,13849,14192,2025-09-17T11:15:53.130517,,,,,,,,,,,,,,,,,,,,,,
38,37.48251099878437,-76.06263329520687,0.7572762966156006,15839.9521484375,21800.0,21780,15819,21819,15859,2025-09-17T11:15:53.130517,82.78765678405762,15.857487916946411,0.8886898159980774,True,fishing,157.5,0.09312497079372406,0.042988888919353485,0.037435099482536316,0.040203873068094254,0.038736533373594284,0.04219315946102142,0.06246580183506012,0.09470853954553604,0.09043489396572113,0.07199401408433914,0.05187182128429413,0.04860607907176018,0.05340596288442612,0.05179106816649437,0.0862019881606102,0.0938374400138855
39,37.0132299382734,-76.2362378046561,0.7517510056495667,11009.5263671875,19410.7578125,19390,10989,19430,11029,2025-09-17T11:15:53.131541,62.268418073654175,12.887318432331085,0.9829254746437073,True,fishing,337.5,0.08914237469434738,0.04251403361558914,0.04138362780213356,0.04643304646015167,0.0469234399497509,0.05040320008993149,0.06800737231969833,0.08712255209684372,0.07634950429201126,0.05936024710536003,0.04766621068120003,0.047059401869773865,0.055059630423784256,0.05527746304869652,0.09051208198070526,0.09678579121828079
40,37.16945476062821,-75.99340928481551,0.7498109340667725,12348.771484375,21828.7421875,21808,12329,21848,12368,2025-09-17T11:15:53.131541,81.59717321395874,15.67000299692154,0.8973153233528137,True,fishing,157.5,0.09279283881187439,0.04292866587638855,0.03764239326119423,0.040615398436784744,0.03923569247126579,0.042665693908929825,0.06272225826978683,0.09415466338396072,0.08945721387863159,0.07129403203725815,0.05181203782558441,0.04868347570300102,0.05364843085408211,0.05211663246154785,0.0864138975739479,0.09381680935621262
41,36.89673903573728,-76.08579253033753,0.7465587258338928,9529.0654296875,20513.609375,20494,9508,20533,9549,2025-09-17T11:15:53.131541,81.33023977279663,15.62749296426773,0.9735291600227356,True,fishing,157.5,0.09259532392024994,0.0426434725522995,0.037358641624450684,0.04024803265929222,0.038898732513189316,0.042149126529693604,0.062315892428159714,0.09440634399652481,0.09065329283475876,0.07206325232982635,0.052260078489780426,0.048660922795534134,0.0536326989531517,0.052070844918489456,0.08618993312120438,0.09385339915752411
42,35.9782006920459,-76.58974048078171,0.7419530749320984,355.9668884277344,14315.181640625,14296,336,14334,375,2025-09-17T11:15:53.131541,,,,,,,,,,,,,,,,,,,,,,
43,36.8250488712324,-75.67243736931066,0.7359030246734619,8156.9619140625,24016.552734375,23996,8137,24036,8176,2025-09-17T11:15:53.131541,75.74265003204346,14.785483479499817,0.9569778442382812,True,fishing,337.5,0.09081531316041946,0.04236378148198128,0.03913860023021698,0.0433909073472023,0.04260868579149246,0.04560568183660507,0.06441932916641235,0.09076119214296341,0.08367810398340225,0.06655306369066238,0.05074369162321091,0.04878460615873337,0.055078499019145966,0.05394440516829491,0.08819948881864548,0.09391463547945023
44,36.9816452977539,-76.10565339837912,0.7350760698318481,10477.23046875,20496.98828125,20476,10457,20517,10497,2025-09-17T11:15:53.131541,78.52684259414673,15.213577449321747,0.90351802110672,True,fishing,337.5,0.09255389124155045,0.04310566186904907,0.03858993202447891,0.04181341454386711,0.040723931044340134,0.04404321312904358,0.06370453536510468,0.0927390605211258,0.08681995421648026,0.0688827708363533,0.050869882106781006,0.04834848269820213,0.053857963532209396,0.0524405799806118,0.08707387745380402,0.09443279355764389
45,36.951683299511096,-76.11850910687554,0.7282311320304871,10171.62890625,20328.451171875,20308,10151,20348,10191,2025-09-17T11:15:53.131541,77.79209017753601,15.108801424503326,0.9028627872467041,True,fishing,337.5,0.09243661165237427,0.04306977987289429,0.03866379335522652,0.04189020022749901,0.04089232534170151,0.04425874352455139,0.06392156332731247,0.09265545755624771,0.08651255816221237,0.068539559841156,0.05069727823138237,0.0482354462146759,0.0538489893078804,0.05249125137925148,0.08722034841775894,0.09466612339019775
46,37.34027413877748,-75.75461128840485,0.7271787524223328,13860.77734375,24229.671875,24209,13841,24249,13880,2025-09-17T11:15:53.131541,46.8903124332428,10.848400741815567,2.3990960121154785,True,fishing,337.5,0.08912372589111328,0.04449440538883209,0.0445796474814415,0.05130854249000549,0.04885989427566528,0.04907713085412979,0.06181768700480461,0.07849499583244324,0.07202747464179993,0.05563176050782204,0.0492088608443737,0.04945988953113556,0.06096016988158226,0.058702513575553894,0.09201129525899887,0.09424193203449249
47,36.08413353235822,-75.77938612461338,0.7215662002563477,283.9679870605469,21711.953125,21692,264,21731,303,2025-09-17T11:15:53.131541,63.358259201049805,13.092193007469177,1.6523125171661377,True,fishing,337.5,0.08953256905078888,0.04201698303222656,0.04050362855195999,0.04538407921791077,0.04438074678182602,0.04651830717921257,0.06409613788127899,0.0873812884092331,0.08048492670059204,0.06233562156558037,0.049619145691394806,0.04767662286758423,0.056500110775232315,0.05612010508775711,0.09121615439653397,0.09623357653617859
48,37.31764356777295,-77.1994663450006,0.715837836265564,15741.095703125,11569.283203125,11549,15721,11588,15760,2025-09-17T11:15:53.131541,77.3000419139862,15.030518174171448,0.97587651014328,True,fishing,337.5,0.0915214791893959,0.042554210871458054,0.038222894072532654,0.04175795614719391,0.04075588285923004,0.04400786757469177,0.063458152115345,0.09265095740556717,0.08719448745250702,0.06932850927114487,0.05159948766231537,0.04859689995646477,0.05429943650960922,0.05306869000196457,0.08697586506605148,0.09400728344917297
49,36.000289336461435,-76.58279400456824,0.7135427594184875,583.6976928710938,14419.9111328125,14400,564,14439,602,2025-09-17T11:15:53.131541,,,,,,,,,,,,,,,,,,,,,,
50,37.1983272821148,-76.09179581084618,0.7120464444160461,12803.263671875,21020.935546875,21000,12783,21041,12822,2025-09-17T11:15:53.131541,85.15607118606567,16.255944967269897,0.8799696564674377,True,fishing,157.5,0.09330850094556808,0.042846228927373886,0.03680284693837166,0.039351411163806915,0.03767862543463707,0.041196681559085846,0.06172003224492073,0.09564404934644699,0.09251689165830612,0.0738036036491394,0.0524694100022316,0.04876609519124031,0.05317602679133415,0.05150140821933746,0.08577042073011398,0.09344781935214996
51,36.896005552135215,-76.33625582192212,0.7110869884490967,9888.505859375,18312.609375,18292,9868,18332,9908,2025-09-17T11:15:53.131541,86.0328197479248,16.40198826789856,0.8772158026695251,True,fishing,157.5,0.09342073649168015,0.0428001768887043,0.036549314856529236,0.038978032767772675,0.03723090887069702,0.040776655077934265,0.061409223824739456,0.09605386108160019,0.09342250227928162,0.07456479966640472,0.05269557982683182,0.048794422298669815,0.053043074905872345,0.05134141817688942,0.08557187020778656,0.09334739297628403
52,36.96784898230551,-76.16709700555404,0.7100403904914856,10417.546875,19932.1328125,19912,10397,19952,10437,2025-09-17T11:15:53.131541,41.76207482814789,10.332675278186798,3.064241647720337,True,fishing,67.5,0.07970113307237625,0.04685626178979874,0.0643717348575592,0.08306851983070374,0.06841568648815155,0.05642657354474068,0.05316879227757454,0.05563843622803688,0.04767412692308426,0.04283750802278519,0.0519355833530426,0.06218237802386284,0.07244814187288284,0.05936494097113609,0.0794139876961708,0.07649613171815872
53,36.36889396153664,-75.94608169569227,0.7099378108978271,3610.90966796875,20763.31640625,20743,3589,20783,3632,2025-09-17T11:15:53.131541,75.04050135612488,14.85207974910736,1.1617345809936523,True,fishing,337.5,0.09170961380004883,0.042845189571380615,0.03838775306940079,0.04183332249522209,0.040575798600912094,0.042976703494787216,0.06242673844099045,0.09123029559850693,0.08853688091039658,0.07020118832588196,0.053174957633018494,0.049605317413806915,0.05449994280934334,0.053223930299282074,0.08557393401861191,0.09319833666086197
54,37.18586729117429,-76.78332131206763,0.7045397758483887,13687.65234375,14946.3046875,14926,13667,14966,13707,2025-09-17T11:15:53.131541,84.92410182952881,16.21953696012497,0.8796330094337463,True,fishing,157.5,0.09336157143115997,0.04288364201784134,0.036853767931461334,0.03938771411776543,0.03773459047079086,0.04126172885298729,0.061774276196956635,0.09562423825263977,0.0923883393406868,0.07366689294576645,0.05239250510931015,0.04871022328734398,0.05314652994275093,0.05148259177803993,0.08578474819660187,0.09354668855667114
55,35.99701680261521,-76.58360297076915,0.7039853930473328,549.6209106445312,14406.3515625,14386,530,14426,568,2025-09-17T11:15:53.131541,,,,,,,,,,,,,,,,,,,,,,
56,36.6942929707004,-75.9237279288801,0.7015364766120911,7101.36865234375,21564.44140625,21544,7081,21584,7120,2025-09-17T11:15:53.131541,70.69579362869263,14.102320373058319,0.9291210770606995,True,fishing,337.5,0.0905928835272789,0.0427871011197567,0.039795342832803726,0.04401661828160286,0.043667618185281754,0.04705226793885231,0.06542962789535522,0.08999383449554443,0.0818471685051918,0.0648360550403595,0.04999581351876259,0.04811236262321472,0.054730769246816635,0.054029613733291626,0.08820173144340515,0.09491117298603058
57,37.41015274857415,-76.39540941285254,0.6997671127319336,15537.384765625,18762.33203125,18742,15517,18781,15557,2025-09-17T11:15:53.131541,69.84661221504211,14.150099456310272,1.4679830074310303,True,fishing,337.5,0.0911635011434555,0.043092407286167145,0.039939768612384796,0.04441555589437485,0.04285479709506035,0.043850742280483246,0.0625709667801857,0.08717437088489532,0.0845056101679802,0.06658140569925308,0.05345424264669418,0.050874777138233185,0.056296300143003464,0.05484272167086601,0.08594650775194168,0.09243640303611755
58,36.15106198001976,-76.1484272744407,0.6981860399246216,1554.144775390625,18563.09375,18543,1534,18582,1573,2025-09-17T11:15:53.131541,75.6170928478241,14.936381578445435,1.2611725330352783,True,fishing,337.5,0.0912574976682663,0.04224285110831261,0.038266342133283615,0.04205184429883957,0.04074721783399582,0.042613741010427475,0.06224120408296585,0.09070350229740143,0.08838396519422531,0.06989061087369919,0.05343624949455261,0.04997812211513519,0.055191460996866226,0.05378361791372299,0.0861666277050972,0.09304500371217728
59,37.22170090674396,-76.65331575810814,0.6974756717681885,13880.091796875,16152.4912109375,16130,13860,16174,13900,2025-09-17T11:15:53.131541,80.88290095329285,15.632599592208862,1.0819733142852783,True,fishing,157.5,0.09197751432657242,0.04231961816549301,0.03723862022161484,0.04042835533618927,0.038872357457876205,0.041539184749126434,0.06140073016285896,0.09327913820743561,0.09113641083240509,0.07292282581329346,0.05374705791473389,0.04977438971400261,0.05447793006896973,0.05270306393504143,0.08556649088859558,0.09261627495288849
60,36.94724285298177,-75.96571600851848,0.6966181397438049,9901.9072265625,21662.02734375,21642,9881,21681,9922,2025-09-17T11:15:53.131541,75.76237916946411,14.803977310657501,0.9206197261810303,True,fishing,337.5,0.09205077588558197,0.04301990941166878,0.03920762985944748,0.042679090052843094,0.04186578467488289,0.045122914016246796,0.06447848677635193,0.09164946526288986,0.08486996591091156,0.06711582839488983,0.050251543521881104,0.04811500757932663,0.05410284548997879,0.052858009934425354,0.0876978263258934,0.09491482377052307
61,37.11067695390033,-76.64465843501617,0.6860107183456421,12667.4609375,16015.927734375,15996,12647,16035,12687,2025-09-17T11:15:53.131541,,,,,,,,,,,,,,,,,,,,,,
62,37.48529945632263,-75.90405338656612,0.6806026101112366,15644.4921875,23188.0390625,23168,15624,23207,15664,2025-09-17T11:15:53.131541,78.09324264526367,15.1426300406456,1.0648493766784668,True,fishing,337.5,0.09199106693267822,0.04263444244861603,0.03799542039632797,0.04120431840419769,0.04001755267381668,0.04282509535551071,0.06242930144071579,0.09264855831861496,0.08916325867176056,0.07090120017528534,0.05256931483745575,0.04897529259324074,0.05419110879302025,0.052726682275533676,0.08611410111188889,0.0936134085059166
63,37.32537973898193,-76.45654522640856,0.6801175475120544,14709.65234375,18069.01953125,18049,14689,18088,14729,2025-09-17T11:15:53.131541,56.48261308670044,12.334733456373215,1.8406827449798584,True,fishing,337.5,0.08988615870475769,0.04409758746623993,0.042155396193265915,0.047343406826257706,0.0457025021314621,0.04678533971309662,0.06318944692611694,0.08357805013656616,0.07878769189119339,0.060952622443437576,0.05073637142777443,0.0495724156498909,0.05762527137994766,0.056551482528448105,0.08878807723522186,0.09424819052219391
64,37.21300779337899,-76.90723230765803,0.675011396408081,14167.40625,13915.48828125,13895,14147,13935,14187,2025-09-17T11:15:53.131541,,,,,,,,,,,,,,,,,,,,,,
65,36.30690754880263,-76.20409420831673,0.6748872995376587,3322.193603515625,18364.4375,18344,3302,18384,3341,2025-09-17T11:15:53.131541,78.33936214447021,15.28027206659317,1.111809253692627,True,fishing,337.5,0.09162745624780655,0.042401380836963654,0.037824783474206924,0.0412135049700737,0.03992769494652748,0.042408742010593414,0.062006741762161255,0.09218005836009979,0.08955023437738419,0.07141288369894028,0.053366780281066895,0.04969309642910957,0.05470147356390953,0.05306371673941612,0.08572645485401154,0.09289513528347015
66,37.25288527060094,-76.88553800840036,0.6739302277565002,14565.017578125,14182.45703125,14162,14545,14202,14584,2025-09-17T11:15:53.131541,,,,,,,,,,,,,,,,,,,,,,
67,37.246489282785916,-76.49147989420757,0.6730570197105408,13908.0478515625,17614.5703125,17594,13888,17634,13927,2025-09-17T11:15:53.131541,81.04395866394043,15.568643808364868,0.9308479428291321,True,fishing,157.5,0.09236561506986618,0.04258013144135475,0.037448495626449585,0.04048536345362663,0.03914474695920944,0.042625099420547485,0.06272553652524948,0.09426645934581757,0.0897265300154686,0.07143627852201462,0.05194750428199768,0.04861223325133324,0.05373644456267357,0.05237111821770668,0.08661352097988129,0.09391482919454575
68,36.0872659277274,-75.76763867567107,0.6633539795875549,300.6172790527344,21822.060546875,21802,280,21841,320,2025-09-17T11:15:53.131541,,,,,,,,,,,,,,,,,,,,,,
69,37.226509379724746,-76.44080362237659,0.6624974012374878,13617.1533203125,18020.173828125,18000,13597,18039,13636,2025-09-17T11:15:53.131541,71.14415764808655,14.14732038974762,0.902183473110199,True,fishing,337.5,0.09095679223537445,0.04290260002017021,0.03992167487740517,0.04393848031759262,0.04359078034758568,0.047016073018312454,0.06564347445964813,0.09005102515220642,0.08175379782915115,0.06454338133335114,0.04955127462744713,0.04796756058931351,0.05450999736785889,0.05380041152238846,0.08853500336408615,0.09531768411397934
70,35.946297562997835,-76.60024007947449,0.6520783305168152,27.955585479736328,14159.810546875,14140,8,14179,47,2025-09-17T11:15:53.131541,,,,,,,,,,,,,,,,,,,,,,
71,36.00274915046236,-76.58192995741359,0.6460881233215332,608.9193725585938,14432.3779296875,14413,589,14451,628,2025-09-17T11:15:53.131541,,,,,,,,,,,,,,,,,,,,,,
72,35.94943676805161,-76.59917586602859,0.643404483795166,60.1794319152832,14175.3740234375,14156,40,14194,79,2025-09-17T11:15:53.131541,,,,,,,,,,,,,,,,,,,,,,
73,36.081494694516536,-76.452558106785,0.6396574378013611,1261.15771484375,15732.833984375,15713,1241,15752,1281,2025-09-17T11:15:53.131541,82.23535418510437,15.907922387123108,0.993165910243988,True,fishing,337.5,0.09132080525159836,0.042111512273550034,0.037614285945892334,0.04064331576228142,0.03951256349682808,0.041961055248975754,0.06183779612183571,0.09265949577093124,0.08986908942461014,0.07195095717906952,0.05322444438934326,0.05024312809109688,0.055222343653440475,0.05250133201479912,0.0861346423625946,0.09319325536489487
74,35.971746352647386,-76.59188972298192,0.6368114948272705,289.6147155761719,14283.51953125,14263,270,14303,309,2025-09-17T11:15:53.131541,,,,,,,,,,,,,,,,,,,,,,
75,37.088989546813636,-75.98717949553057,0.6346684098243713,11468.1796875,21735.3125,21715,11448,21755,11487,2025-09-17T11:15:53.131541,73.28765988349915,14.441366493701935,0.930462658405304,True,fishing,337.5,0.09121214598417282,0.042797189205884933,0.039594896137714386,0.043530870229005814,0.04297640919685364,0.04620060697197914,0.06507373601198196,0.09054103493690491,0.0829654261469841,0.06562203913927078,0.05000578612089157,0.048182494938373566,0.054551102221012115,0.053578946739435196,0.08824180066585541,0.09492553770542145
76,37.026724262586924,-76.05358912237386,0.63301020860672,10889.6513671875,21037.984375,21017,10869,21058,10909,2025-09-17T11:15:53.131541,81.03867769241333,15.578751266002655,0.8982980251312256,True,fishing,337.5,0.09287523478269577,0.04305117949843407,0.037924475967884064,0.040923308581113815,0.039605528116226196,0.04298661649227142,0.0629654973745346,0.09382566809654236,0.08881541341543198,0.07065868377685547,0.051511093974113464,0.04855893552303314,0.05365248769521713,0.052109748125076294,0.08654026687145233,0.09399588406085968
77,36.83967478221605,-75.8015443195127,0.6294919848442078,8499.9921875,22907.91796875,22887,8480,22927,8519,2025-09-17T11:15:53.131541,60.917818546295166,12.799252569675446,1.1330540180206299,True,fishing,337.5,0.08769027888774872,0.04179712384939194,0.04122215881943703,0.047493018209934235,0.047860920429229736,0.05081520229578018,0.06780415773391724,0.08623309433460236,0.07527540624141693,0.058719977736473083,0.048355478793382645,0.047598160803318024,0.05600383132696152,0.05697561055421829,0.09081688523292542,0.09533863514661789
78,36.08634022874709,-75.77173237077602,0.6273002028465271,296.6112365722656,21783.998046875,21764,277,21803,316,2025-09-17T11:15:53.131541,,,,,,,,,,,,,,,,,,,,,,
79,37.397537619471976,-76.3464348854031,0.6222012639045715,15329.404296875,19166.15234375,19146,15309,19185,15349,2025-09-17T11:15:53.131541,,,,,,,,,,,,,,,,,,,,,,
80,37.2628126063145,-76.03188944031685,0.6181008219718933,13415.5234375,21663.88671875,21643,13395,21684,13435,2025-09-17T11:15:53.131541,71.81500792503357,14.556379616260529,1.5738580226898193,True,fishing,337.5,0.0912153348326683,0.042568858712911606,0.04019438102841377,0.04537047818303108,0.043243374675512314,0.043561290949583054,0.061460986733436584,0.0863749161362648,0.08333275467157364,0.06650582700967789,0.054048098623752594,0.05138886347413063,0.05752350762486458,0.05503949522972107,0.08649159967899323,0.09168025851249695
81,36.04766593867186,-76.6951888651124,0.6155019402503967,1268.212158203125,13514.06640625,13493,1248,13534,1288,2025-09-17T11:15:53.131541,61.88100576400757,12.876425683498383,1.881866693496704,True,fishing,337.5,0.0891522541642189,0.04218654707074165,0.041476212441921234,0.047593239694833755,0.04583590105175972,0.0467161163687706,0.06261943280696869,0.08433417230844498,0.07808616012334824,0.06103108823299408,0.050956860184669495,0.04984232410788536,0.05907553806900978,0.05743306875228882,0.09034066647291183,0.09332042932510376
82,36.21861928721407,-76.12493649638265,0.6133033633232117,2249.701171875,18898.71484375,18877,2230,18919,2269,2025-09-17T11:15:53.131541,,,,,,,,,,,,,,,,,,,,,,
83,36.08301678011794,-75.78319249771805,0.5981791019439697,277.4710998535156,21676.087890625,21656,257,21695,296,2025-09-17T11:15:53.131541,,,,,,,,,,,,,,,,,,,,,,
84,36.077515394909774,-76.42818484174033,0.5947166681289673,1181.25,15941.2060546875,15921,1161,15960,1200,2025-09-17T11:15:53.131541,77.45819091796875,15.044790506362915,0.9218626618385315,True,fishing,337.5,0.09178651869297028,0.042639780789613724,0.038430582731962204,0.04193567857146263,0.040963273495435715,0.04438033327460289,0.06397262215614319,0.09257593005895615,0.08633141964673996,0.06846597790718079,0.05091606080532074,0.048396382480859756,0.054146528244018555,0.05304823815822601,0.0875718742609024,0.09443884342908859
85,36.84007294875703,-76.27457351862574,0.5920454263687134,9192.5361328125,18749.33984375,18729,9173,18768,9211,2025-09-17T11:15:53.131541,85.5775237083435,16.34727120399475,0.8616401553153992,True,fishing,157.5,0.0934908539056778,0.0429704450070858,0.036747124046087265,0.03918324038386345,0.037457969039678574,0.04100862517952919,0.061556678265333176,0.09584495425224304,0.09294144064188004,0.07420944422483444,0.0525473989546299,0.048768430948257446,0.05303679034113884,0.051294054836034775,0.08554352819919586,0.0933990404009819
86,37.43704325550816,-75.93985926164203,0.5879611968994141,15172.1171875,22788.19921875,22768,15152,22808,15191,2025-09-17T11:15:53.131541,,,,,,,,,,,,,,,,,,,,,,
87,37.241387566996806,-76.86442883956302,0.5854751467704773,14409.021484375,14344.447265625,14324,14389,14364,14428,2025-09-17T11:15:53.131541,,,,,,,,,,,,,,,,,,,,,,
88,37.39585461346657,-76.46525741258466,0.5777854323387146,15484.68359375,18125.82421875,18106,15465,18145,15504,2025-09-17T11:15:53.132551,,,,,,,,,,,,,,,,,,,,,,
89,37.28680808200668,-75.86149334244175,0.5768305063247681,13432.216796875,23197.4375,23177,13412,23217,13452,2025-09-17T11:15:53.132551,61.92382574081421,13.695262372493744,1.6902923583984375,True,fishing,337.5,0.0897461473941803,0.044374700635671616,0.04347973316907883,0.049636032432317734,0.047440361231565475,0.04632176086306572,0.061906926333904266,0.0791977271437645,0.07572740316390991,0.0612327978014946,0.05428798124194145,0.05408860370516777,0.06012336164712906,0.05653858557343483,0.08550453931093216,0.09039328992366791
90,37.24371797782615,-76.45378867217252,0.5762695074081421,13822.4306640625,17939.041015625,17918,13802,17959,13841,2025-09-17T11:15:53.132551,,,,,,,,,,,,,,,,,,,,,,
91,37.393553626959985,-75.95922487629088,0.5750742554664612,14728.3056640625,22539.16796875,22519,14708,22558,14748,2025-09-17T11:15:53.132551,,,,,,,,,,,,,,,,,,,,,,
92,36.08228671646894,-75.78711341098122,0.574140727519989,275.32928466796875,21639.921875,21620,255,21659,295,2025-09-17T11:15:53.132551,,,,,,,,,,,,,,,,,,,,,,
93,37.22937045030454,-76.15596714827528,0.5738269090652466,13232.359375,20516.5078125,20497,13212,20535,13252,2025-09-17T11:15:53.132551,84.1107428073883,16.080161929130554,0.8839620351791382,True,fishing,157.5,0.09320840984582901,0.04289678484201431,0.03707794100046158,0.039733048528432846,0.038152776658535004,0.04164327681064606,0.06205820292234421,0.09523436427116394,0.09157589077949524,0.0729825496673584,0.052203550934791565,0.048697441816329956,0.05328937992453575,0.05164839327335358,0.08598056435585022,0.09361735731363297
94,36.8749296990839,-76.49698224992623,0.5728923082351685,9899.2890625,16860.48828125,16840,9878,16880,9919,2025-09-17T11:15:53.132551,,,,,,,,,,,,,,,,,,,,,,
95,37.11444423927662,-76.64544342033912,0.5711262822151184,12709.333984375,16016.3046875,15996,12689,16036,12728,2025-09-17T11:15:53.132551,,,,,,,,,,,,,,,,,,,,,,
96,36.82978328547586,-75.96175745312499,0.5694034695625305,8624.091796875,21479.380859375,21459,8603,21499,8644,2025-09-17T11:15:53.132551,66.5132999420166,13.843564689159393,1.726696252822876,True,fishing,337.5,0.09024609625339508,0.042777884751558304,0.04170722886919975,0.04781431704759598,0.0455356165766716,0.04522724077105522,0.06139978766441345,0.0836748406291008,0.07948332279920578,0.06335637718439102,0.053700536489486694,0.051914434880018234,0.05900084599852562,0.056063923984766006,0.08710308372974396,0.09099440276622772
97,36.09248095897311,-75.74873314519905,0.5617207884788513,329.29510498046875,21999.58203125,21979,310,22019,348,2025-09-17T11:15:53.132551,,,,,,,,,,,,,,,,,,,,,,
98,35.993772534593305,-76.5846496856524,0.5587767362594604,516.2135009765625,14390.734375,14371,496,14410,535,2025-09-17T11:15:53.132551,,,,,,,,,,,,,,,,,,,,,,
99,37.2456801342245,-75.98996281897067,0.5586117506027222,13169.6455078125,21998.76171875,21978,13149,22018,13189,2025-09-17T11:15:53.132551,75.27008652687073,14.827708899974823,1.2545433044433594,True,fishing,337.5,0.09182347357273102,0.04257873818278313,0.038316335529088974,0.041752737015485764,0.04041171818971634,0.04247130826115608,0.06231169402599335,0.09113142639398575,0.08906350284814835,0.07013139128684998,0.053097862750291824,0.049451809376478195,0.054467253386974335,0.05339645966887474,0.08610023558139801,0.09349408000707626
100,36.950349461377144,-76.36211163396534,0.5584486126899719,10514.380859375,18188.11328125,18168,10494,18208,10534,2025-09-17T11:15:53.132551,78.79641056060791,15.256351232528687,0.8811525106430054,True,fishing,337.5,0.09279020875692368,0.04331714287400246,0.038575079292058945,0.041661400347948074,0.040510740131139755,0.04390797019004822,0.06360860168933868,0.09293895214796066,0.08710277825593948,0.06918241083621979,0.05093076080083847,0.04837376996874809,0.05370720848441124,0.0522276796400547,0.0867789164185524,0.09438638389110565
101,36.00620410664879,-76.58061498242535,0.5582753419876099,644.1893920898438,14450.7890625,14431,624,14470,663,2025-09-17T11:15:53.132551,,,,,,,,,,,,,,,,,,,,,,
102,37.50263525542154,-75.91639880970051,0.5539484620094299,15849.97265625,23111.9765625,23092,15830,23131,15869,2025-09-17T11:15:53.132551,,,,,,,,,,,,,,,,,,,,,,
103,37.12615569161653,-76.64351016098996,0.5478498935699463,12832.974609375,16055.8046875,16035,12812,16075,12853,2025-09-17T11:15:53.132551,,,,,,,,,,,,,,,,,,,,,,
104,37.304310823278705,-77.18128260322575,0.5465875864028931,15569.3828125,11701.61328125,11681,15549,11721,15589,2025-09-17T11:15:53.132551,,,,,,,,,,,,,,,,,,,,,,
105,36.220325458491004,-75.79985093406528,0.5442184209823608,1788.5308837890625,21782.765625,21762,1768,21802,1808,2025-09-17T11:15:53.132551,44.5205956697464,10.730589181184769,2.4105851650238037,True,fishing,337.5,0.08856681734323502,0.04552183300256729,0.04520341008901596,0.05185636878013611,0.04904675856232643,0.0491873100399971,0.06111055240035057,0.07659545540809631,0.07119232416152954,0.05595146119594574,0.05061203986406326,0.0512196347117424,0.06178140640258789,0.05934571474790573,0.08999825268983841,0.09281062334775925
106,36.09022529148717,-75.75627967618632,0.5428881645202637,315.96405029296875,21928.3984375,21908,296,21947,335,2025-09-17T11:15:53.132551,,,,,,,,,,,,,,,,,,,,,,
107,37.38123638003571,-76.44998702406548,0.542203426361084,15304.140625,18231.69140625,18211,15284,18251,15324,2025-09-17T11:15:53.132551,,,,,,,,,,,,,,,,,,,,,,
108,36.30011242496443,-76.21117902163282,0.5415287613868713,3259.283203125,18288.7421875,18268,3239,18308,3278,2025-09-17T11:15:53.132551,,,,,,,,,,,,,,,,,,,,,,
109,37.1150764025366,-76.64806600076012,0.5391344428062439,12720.080078125,15994.5390625,15975,12700,16013,12739,2025-09-17T11:15:53.132551,,,,,,,,,,,,,,,,,,,,,,
110,35.95259696027097,-76.59802423807409,0.534212052822113,92.4946060180664,14191.7548828125,14172,72,14210,112,2025-09-17T11:15:53.132551,,,,,,,,,,,,,,,,,,,,,,
111,35.96853944882727,-76.59287259595783,0.5274120569229126,256.5347595214844,14268.546875,14249,237,14287,276,2025-09-17T11:15:53.132551,,,,,,,,,,,,,,,,,,,,,,
112,36.09107954667181,-76.46233669309089,0.5241608023643494,1379.483154296875,15664.603515625,15644,1359,15684,1399,2025-09-17T11:15:53.132551,,,,,,,,,,,,,,,,,,,,,,
113,36.312758555895144,-75.97935667974618,0.515046238899231,3052.60107421875,20363.908203125,20344,3032,20383,3072,2025-09-17T11:15:53.132551,82.4641227722168,15.934942662715912,1.0070044994354248,True,fishing,157.5,0.09092024713754654,0.04172762110829353,0.037338126450777054,0.04051661491394043,0.03951829671859741,0.04184713214635849,0.06147268787026405,0.09269297868013382,0.08998047560453415,0.07255731523036957,0.05373404547572136,0.050760265439748764,0.05582042783498764,0.05281178280711174,0.08570189028978348,0.09260013699531555
114,36.9678594375285,-75.69668486702204,0.5136009454727173,9740.00390625,24062.83984375,24042,9720,24083,9759,2025-09-17T11:15:53.132551,75.39455890655518,14.753419160842896,0.9156705737113953,True,fishing,337.5,0.09194882959127426,0.04302751272916794,0.03930746763944626,0.042819105088710785,0.04204711318016052,0.04530131444334984,0.06458640843629837,0.09149094671010971,0.08455201983451843,0.06687574833631516,0.0501696802675724,0.048110466450452805,0.05415549501776695,0.05290792137384415,0.08776126801967621,0.09493869543075562
115,37.26542769210799,-76.03154495862687,0.5084712505340576,13443.361328125,21671.69140625,21651,13423,21691,13463,2025-09-17T11:15:53.132551,,,,,,,,,,,,,,,,,,,,,,
116,37.38521683697173,-76.33340801323958,0.5031657218933105,15177.0146484375,19256.9296875,19236,15156,19277,15197,2025-09-17T11:15:53.132551,41.75920486450195,10.965194553136826,2.6896393299102783,True,fishing,337.5,0.08940225839614868,0.047888223081827164,0.04867802560329437,0.0538603775203228,0.05105408653616905,0.04892841354012489,0.06140083074569702,0.07210142910480499,0.06800488382577896,0.05265546590089798,0.049262236803770065,0.05183817073702812,0.06234201043844223,0.05806831270456314,0.0893450379371643,0.09517018496990204
117,37.26771130221939,-76.03139314175436,0.49928316473960876,13467.884765625,21677.205078125,21657,13447,21696,13487,2025-09-17T11:15:53.132551,,,,,,,,,,,,,,,,,,,,,,
118,36.28524655628494,-75.94241340517331,0.49871042370796204,2700.27880859375,20640.12890625,20620,2680,20659,2719,2025-09-17T11:15:53.132551,84.34033393859863,16.070406138896942,0.9656292796134949,True,fishing,157.5,0.08849261701107025,0.04043992981314659,0.0366222970187664,0.039285022765398026,0.03836878016591072,0.04079665243625641,0.06041904538869858,0.093170166015625,0.09209120273590088,0.07524177432060242,0.05518077313899994,0.0518246591091156,0.05694949999451637,0.052951082587242126,0.08650879561901093,0.09165771305561066
119,36.27968389036963,-75.82033808304872,0.4980706572532654,2461.060546875,21711.671875,21691,2441,21731,2480,2025-09-17T11:15:53.132551,49.901869893074036,11.518559604883194,2.0526223182678223,True,fishing,337.5,0.08911783993244171,0.04524388909339905,0.04403774440288544,0.04965023323893547,0.04777535796165466,0.048478078097105026,0.06256332993507385,0.07968646287918091,0.07451505959033966,0.05811893194913864,0.050575945526361465,0.05040108785033226,0.05943520739674568,0.0576639361679554,0.08889637142419815,0.0938405767083168
120,37.23703926739722,-76.93949839140383,0.49610376358032227,14475.728515625,13680.1220703125,13660,14456,13699,14495,2025-09-17T11:15:53.132551,,,,,,,,,,,,,,,,,,,,,,
121,36.224929229977754,-75.79261258250207,0.49410581588745117,1827.762939453125,21855.482421875,21835,1808,21875,1847,2025-09-17T11:15:53.132551,,,,,,,,,,,,,,,,,,,,,,
122,36.9152076275571,-76.08522462718747,0.491393506526947,9728.173828125,20552.84765625,20533,9708,20572,9748,2025-09-17T11:15:53.132551,,,,,,,,,,,,,,,,,,,,,,
123,37.55348916418249,-75.87308875945415,0.4886808693408966,16340.2109375,23581.9609375,23563,16320,23600,16359,2025-09-17T11:15:53.132551,,,,,,,,,,,,,,,,,,,,,,
124,37.22790495347188,-75.83722633325806,0.4876501262187958,12759.0283203125,23302.978515625,23283,12739,23322,12778,2025-09-17T11:15:53.132551,64.63266015052795,13.646811246871948,1.4825844764709473,True,fishing,337.5,0.08981003612279892,0.043523333966732025,0.04119159281253815,0.046339523047208786,0.04465416073799133,0.04517050087451935,0.06265278905630112,0.08397079259157181,0.08106479793787003,0.0645911693572998,0.054134219884872437,0.052376795560121536,0.05760074779391289,0.05589459091424942,0.08555188030004501,0.09147300571203232
125,37.179372585428126,-76.65205983438368,0.47733232378959656,13420.7265625,16083.1171875,16063,13401,16102,13440,2025-09-17T11:15:53.132551,,,,,,,,,,,,,,,,,,,,,,
126,36.201862414412076,-75.95927038349711,0.4730273485183716,1822.830322265625,20335.521484375,20315,1803,20355,1842,2025-09-17T11:15:53.132551,,,,,,,,,,,,,,,,,,,,,,
127,36.964375831444016,-76.11259458624676,0.47267770767211914,10300.404296875,20403.958984375,20384,10280,20423,10320,2025-09-17T11:15:53.132551,,,,,,,,,,,,,,,,,,,,,,
128,37.42584551179219,-76.40331514743934,0.4709729552268982,15718.6884765625,18722.896484375,18703,15698,18742,15738,2025-09-17T11:15:53.132551,,,,,,,,,,,,,,,,,,,,,,
129,37.24239649188553,-76.50672908434598,0.47084811329841614,13886.298828125,17473.462890625,17454,13866,17492,13906,2025-09-17T11:15:53.132551,,,,,,,,,,,,,,,,,,,,,,
130,36.23536811974209,-75.80374856045313,0.47022324800491333,1957.067626953125,21776.21484375,21756,1937,21795,1976,2025-09-17T11:15:53.132551,58.40020179748535,12.797968089580536,1.7394635677337646,True,fishing,337.5,0.0893060639500618,0.04438957944512367,0.042079195380210876,0.04658522084355354,0.04542926698923111,0.04614150524139404,0.06285089999437332,0.08281105756759644,0.07985808700323105,0.062795490026474,0.05261535942554474,0.051460348069667816,0.058032166212797165,0.05605056881904602,0.08647509664297104,0.09312005341053009
131,36.4110594396423,-75.84528767700417,0.4614427983760834,3920.14404296875,21733.291015625,21712,3900,21753,3939,2025-09-17T11:15:53.132551,50.54702162742615,11.517664045095444,2.3731539249420166,True,fishing,337.5,0.0880923718214035,0.043994415551424026,0.044764675199985504,0.051914554089307785,0.04889807477593422,0.048791613429784775,0.06092867627739906,0.0780847817659378,0.07193019241094589,0.05681077018380165,0.050698794424533844,0.05122266337275505,0.06190080568194389,0.059055227786302567,0.090724878013134,0.09218751639127731
132,36.96980304412038,-76.30007111433956,0.4561190605163574,10633.6650390625,18768.73828125,18748,10613,18788,10653,2025-09-17T11:15:53.132551,79.89020943641663,15.424257516860962,0.882146954536438,True,fishing,337.5,0.09294071793556213,0.043256256729364395,0.038262270390987396,0.04125196486711502,0.040030207484960556,0.043435487896203995,0.06330463290214539,0.09345957636833191,0.08801338821649551,0.06993303447961807,0.05116000771522522,0.048414960503578186,0.05360392853617668,0.0520721934735775,0.08659742772579193,0.09426393359899521
133,36.30028163336827,-75.97841001699692,0.4528137147426605,2916.18017578125,20349.07421875,20329,2896,20369,2935,2025-09-17T11:15:53.132551,,,,,,,,,,,,,,,,,,,,,,
134,37.264135854999225,-76.03174285191844,0.44809263944625854,13429.6494140625,21667.59375,21648,13415,21686,13444,2025-09-17T11:15:53.132551,,,,,,,,,,,,,,,,,,,,,,
135,36.31739839118036,-75.80637679062568,0.4453989863395691,2849.04638671875,21904.861328125,21885,2829,21924,2868,2025-09-17T11:15:53.132551,66.80314540863037,13.53987604379654,1.07061767578125,True,fishing,337.5,0.08927677571773529,0.04218791425228119,0.04030773416161537,0.045452430844306946,0.04522469639778137,0.04822898656129837,0.06619524210691452,0.08839215338230133,0.07948852330446243,0.06252538412809372,0.04964130371809006,0.04803141579031944,0.05543000251054764,0.055371493101119995,0.0892539769411087,0.09499179571866989
136,37.22593307082122,-76.4382518477106,0.4449734389781952,13607.1533203125,18041.408203125,18021,13586,18060,13627,2025-09-17T11:15:53.132551,,,,,,,,,,,,,,,,,,,,,,
137,37.18336470313975,-76.63049375934338,0.43955618143081665,13431.75390625,16279.166015625,16259,13412,16298,13451,2025-09-17T11:15:53.132551,,,,,,,,,,,,,,,,,,,,,,
138,36.18838365148316,-76.26520471906909,0.43906718492507935,2132.67822265625,17598.19921875,17578,2112,17618,2152,2025-09-17T11:15:53.132551,80.33860325813293,15.54306447505951,1.1028752326965332,True,fishing,337.5,0.09161120653152466,0.0423285998404026,0.03771194815635681,0.04113553836941719,0.039804860949516296,0.04228257015347481,0.06177899241447449,0.09216086566448212,0.0894404724240303,0.0718117505311966,0.053676098585128784,0.05022047460079193,0.05511284992098808,0.053192347288131714,0.08541399985551834,0.09231740981340408
139,37.231284062161706,-75.9216383845861,0.43896356225013733,12916.23046875,22569.400390625,22549,12896,22589,12935,2025-09-17T11:15:53.132551,73.77171516418457,14.932817220687866,1.3132288455963135,True,fishing,337.5,0.09061288088560104,0.042574066668748856,0.039321575313806534,0.04378248006105423,0.04227447509765625,0.04329134151339531,0.062112580984830856,0.08760923147201538,0.08548710495233536,0.06855795532464981,0.05478560924530029,0.05194125324487686,0.05664445459842682,0.05455565080046654,0.08498440682888031,0.09146484732627869
140,36.999672219246975,-76.31777804412125,0.43869999051094055,10982.8349609375,18669.478515625,18649,10965,18689,11000,2025-09-17T11:15:53.132551,,,,,,,,,,,,,,,,,,,,,,
141,37.338210493107454,-75.75489992033127,0.4327736794948578,13838.798828125,24223.4296875,24204,13819,24242,13858,2025-09-17T11:15:53.132551,,,,,,,,,,,,,,,,,,,,,,
142,36.00795458434929,-76.70517584002633,0.4269988238811493,855.2537841796875,13347.912109375,13328,835,13367,874,2025-09-17T11:15:53.132551,,,,,,,,,,,,,,,,,,,,,,
143,37.23783426890881,-76.91512699193726,0.4240133464336395,14447.3779296875,13894.66015625,13875,14427,13914,14467,2025-09-17T11:15:53.132551,,,,,,,,,,,,,,,,,,,,,,
144,37.14101856111915,-76.36032634445704,0.42349469661712646,12574.341796875,18562.673828125,18543,12555,18582,12593,2025-09-17T11:15:53.132551,84.5714807510376,16.08394682407379,0.9140554666519165,True,fishing,157.5,0.09048838168382645,0.041634559631347656,0.0365845151245594,0.03900664672255516,0.03750934451818466,0.04054629057645798,0.05989601090550423,0.09354041516780853,0.09279166162014008,0.07622623443603516,0.05547791346907616,0.051540713757276535,0.055546510964632034,0.052755676209926605,0.08533813804388046,0.0911169946193695
145,35.95578423225097,-76.59699100275502,0.41973990201950073,125.28491973876953,14207.13671875,14187,105,14226,144,2025-09-17T11:15:53.132551,,,,,,,,,,,,,,,,,,,,,,
146,37.24188888366852,-76.9898871886831,0.4143889546394348,14604.39453125,13249.357421875,13229,14584,13268,14623,2025-09-17T11:15:53.132551,,,,,,,,,,,,,,,,,,,,,,
147,35.98432093941034,-76.58783528476818,0.4138345718383789,419.0956726074219,14344.0263671875,14324,399,14363,438,2025-09-17T11:15:53.132551,,,,,,,,,,,,,,,,,,,,,,
148,36.20140668021399,-75.91488461798463,0.41310709714889526,1752.3056640625,20728.0703125,20707,1732,20748,1772,2025-09-17T11:15:53.132551,54.771095514297485,12.938876450061798,2.246381998062134,True,fishing,337.5,0.09025940299034119,0.04538750275969505,0.04518742114305496,0.05119321122765541,0.04866521432995796,0.04698394238948822,0.06128981336951256,0.07630550116300583,0.07248083502054214,0.057534221559762955,0.05204830318689346,0.053105443716049194,0.06170722097158432,0.05719827115535736,0.08810600638389587,0.09254777431488037
149,36.367693172830705,-75.9459980919014,0.4122394323348999,3597.79150390625,20761.822265625,20742,3577,20781,3618,2025-09-17T11:15:53.132551,,,,,,,,,,,,,,,,,,,,,,
150,36.253663009574446,-75.81014874542642,0.4077286720275879,2164.47412109375,21753.54296875,21733,2144,21773,2184,2025-09-17T11:15:53.132551,,,,,,,,,,,,,,,,,,,,,,
151,37.48902669145093,-76.31098761922104,0.40655818581581116,16267.9296875,19646.841796875,19626,16247,19667,16288,2025-09-17T11:15:53.132551,81.51240348815918,15.670520067214966,0.8799934983253479,True,fishing,157.5,0.09295719861984253,0.043098390102386475,0.03757505863904953,0.04041125997900963,0.03902105614542961,0.04257293418049812,0.06263621151447296,0.09445958584547043,0.08983613550662994,0.07161794602870941,0.051858387887477875,0.04858291894197464,0.05343727767467499,0.0519183911383152,0.08612408488988876,0.09389325231313705
152,36.505431172007185,-75.85804245219325,0.4052695035934448,4960.7470703125,21794.37890625,21774,4940,21814,4980,2025-09-17T11:15:53.132551,57.15547800064087,12.28981837630272,2.317676544189453,True,fishing,337.5,0.08770930022001266,0.04271607846021652,0.04523726925253868,0.053339991718530655,0.049792539328336716,0.048820093274116516,0.060323506593704224,0.07959265261888504,0.07180962711572647,0.05744282528758049,0.050862137228250504,0.05127245932817459,0.06220810115337372,0.05838700756430626,0.09017529338598251,0.09031105041503906
153,37.38750549064035,-76.45305527789036,0.4046243727207184,15376.4384765625,18216.72265625,18196,15356,18236,15395,2025-09-17T11:15:53.132551,,,,,,,,,,,,,,,,,,,,,,
154,36.32119190848854,-75.96851734174663,0.4007823169231415,3127.84619140625,20475.67578125,20455,3108,20495,3147,2025-09-17T11:15:53.132551,,,,,,,,,,,,,,,,,,,,,,
155,36.9195350567395,-75.91970942567433,0.40042591094970703,9535.20703125,22015.32421875,21995,9516,22034,9554,2025-09-17T11:15:53.132551,54.617249965667725,11.903256922960281,1.4485676288604736,True,fishing,337.5,0.0876476988196373,0.04214309900999069,0.04241372272372246,0.04843966290354729,0.048855096101760864,0.05171995237469673,0.06777186691761017,0.08459781110286713,0.07302743941545486,0.05608360841870308,0.04649444669485092,0.04624168202280998,0.05651426687836647,0.05714333802461624,0.09311044216156006,0.09779585897922516
156,36.14257550272637,-76.12187087032656,0.3979508578777313,1422.7791748046875,18782.640625,18762,1403,18802,1442,2025-09-17T11:15:53.132551,76.14453434944153,15.063510835170746,1.2435252666473389,True,fishing,337.5,0.08736319839954376,0.04060939699411392,0.03881164267659187,0.04257339984178543,0.04219059646129608,0.04303852096199989,0.06219218671321869,0.08844480663537979,0.08637087047100067,0.06925075501203537,0.05429079011082649,0.05229056254029274,0.05834933742880821,0.054580532014369965,0.08710968494415283,0.09253371506929398
157,36.732854583973015,-75.62896821032622,0.3939482569694519,7095.2109375,24232.666015625,24213,7075,24252,7114,2025-09-17T11:15:53.132551,85.66510081291199,16.342708468437195,0.8783732652664185,True,fishing,157.5,0.09337208420038223,0.042808324098587036,0.036648742854595184,0.03912346065044403,0.037415146827697754,0.040947556495666504,0.061547230929136276,0.09590946137905121,0.09305620193481445,0.07423821091651917,0.052583079785108566,0.04876852035522461,0.05309882387518883,0.051395729184150696,0.08566848188638687,0.09341903775930405
158,36.873945229443805,-76.4935583950821,0.39338842034339905,9883.5234375,16888.6953125,16868,9863,16908,9903,2025-09-17T11:15:53.132551,,,,,,,,,,,,,,,,,,,,,,
159,36.08521158777486,-75.77550898741833,0.39281678199768066,289.94189453125,21748.375,21728,270,21768,309,2025-09-17T11:15:53.132551,,,,,,,,,,,,,,,,,,,,,,
160,37.01718858369534,-75.93343858842347,0.39223024249076843,10612.845703125,22074.484375,22054,10592,22094,10632,2025-09-17T11:15:53.132551,45.28314471244812,10.843891650438309,3.336167097091675,True,fishing,67.5,0.07724828273057938,0.050291430205106735,0.0810030996799469,0.11017650365829468,0.08342399448156357,0.05999050289392471,0.04805024340748787,0.04422079771757126,0.03446662425994873,0.0337582603096962,0.04768702760338783,0.0631924644112587,0.07524208724498749,0.054708875715732574,0.0694960355758667,0.06704366207122803
161,37.163322273148275,-75.99011657397524,0.3833782970905304,12277.6123046875,21846.197265625,21826,12257,21865,12297,2025-09-17T11:15:53.132551,,,,,,,,,,,,,,,,,,,,,,
162,36.86879096040235,-75.87048637643734,0.3829824924468994,8914.5634765625,22354.9375,22335,8893,22374,8935,2025-09-17T11:15:53.132551,47.92208671569824,11.097961664199829,3.3995614051818848,True,fishing,67.5,0.07398662716150284,0.051604773849248886,0.08919910341501236,0.12359211593866348,0.09058941900730133,0.062031328678131104,0.04595319181680679,0.04058803990483284,0.030425360426306725,0.03090035729110241,0.04537590220570564,0.061749450862407684,0.07568418234586716,0.052406422793865204,0.06429386138916016,0.061619795858860016
163,37.24333747358673,-76.50606582902714,0.38086867332458496,13895.49609375,17481.0390625,17461,13875,17500,13915,2025-09-17T11:15:53.132551,,,,,,,,,,,,,,,,,,,,,,
164,36.877109750699695,-76.50431790460446,0.37095531821250916,9933.837890625,16800.1875,16780,9913,16819,9953,2025-09-17T11:15:53.132551,,,,,,,,,,,,,,,,,,,,,,
165,36.28390335563788,-75.81498509137876,0.37029364705085754,2498.89501953125,21766.962890625,21747,2478,21786,2519,2025-09-17T11:15:53.132551,,,,,,,,,,,,,,,,,,,,,,
166,37.21558643602397,-76.16763556040245,0.3672604262828827,13100.09765625,20388.703125,20369,13080,20408,13119,2025-09-17T11:15:53.132551,,,,,,,,,,,,,,,,,,,,,,
167,37.2367196713158,-76.08853895073133,0.36329948902130127,13214.3486328125,21120.640625,21101,13200,21140,13228,2025-09-17T11:15:53.132551,,,,,,,,,,,,,,,,,,,,,,
168,37.21298965089827,-75.92057542037325,0.35866668820381165,12716.439453125,22545.21875,22525,12696,22564,12736,2025-09-17T11:15:53.132551,,,,,,,,,,,,,,,,,,,,,,
169,37.461942321011136,-75.9280247204268,0.35211533308029175,15425.27734375,22936.6328125,22916,15405,22956,15445,2025-09-17T11:15:53.132551,65.34703969955444,13.284341990947723,1.6162238121032715,True,fishing,337.5,0.09030301868915558,0.0423126257956028,0.0401056706905365,0.04455459490418434,0.04336165636777878,0.045364826917648315,0.06358083337545395,0.08813975751399994,0.08277563005685806,0.06401856988668442,0.0504600815474987,0.048070088028907776,0.05589735507965088,0.055487994104623795,0.08993344753980637,0.09563381224870682
170,37.36446723001102,-75.97501667798701,0.34886088967323303,14435.568359375,22347.55859375,22327,14415,22367,14455,2025-09-17T11:15:53.132551,35.153037309646606,8.920307457447052,2.6747567653656006,True,fishing,337.5,0.08854807913303375,0.048039913177490234,0.04754450172185898,0.05290718749165535,0.05016519874334335,0.0495477020740509,0.06222134828567505,0.07392994314432144,0.0688745453953743,0.053185224533081055,0.04878457635641098,0.049821291118860245,0.06086994707584381,0.06012285500764847,0.09023788571357727,0.09519986063241959
171,36.849904483905036,-75.80234295853901,0.3405786454677582,8611.970703125,22919.7578125,22899,8592,22939,8631,2025-09-17T11:15:53.132551,85.44946312904358,16.31872057914734,0.8633735775947571,True,fishing,157.5,0.09342490136623383,0.042923301458358765,0.03675588220357895,0.03924116492271423,0.037544023245573044,0.04109828919172287,0.0616515576839447,0.09578529000282288,0.09274939447641373,0.07402034103870392,0.052488286048173904,0.04877401515841484,0.05308259278535843,0.051386743783950806,0.08565366268157959,0.09342056512832642
172,36.97240289913465,-76.43475213861302,0.33424243330955505,10860.458984375,17592.89453125,17573,10840,17611,10880,2025-09-17T11:15:53.132551,83.89857411384583,16.063331067562103,0.8713361024856567,True,fishing,157.5,0.09327205270528793,0.043031927198171616,0.037207916378974915,0.039871711283922195,0.038297150284051895,0.04178275540471077,0.06212267652153969,0.09508462995290756,0.09128750115633011,0.07279905676841736,0.05214076116681099,0.04870570823550224,0.05328613147139549,0.05160224065184593,0.08591225743293762,0.09359556436538696
173,36.071069008659194,-76.696429581324,0.33402585983276367,1522.560546875,13548.783203125,13528,1502,13568,1542,2025-09-17T11:15:53.132551,,,,,,,,,,,,,,,,,,,,,,
174,36.29511187885204,-75.83917838561912,0.33398839831352234,2655.654296875,21573.416015625,21553,2635,21593,2675,2025-09-17T11:15:53.132551,54.987919330596924,12.548920512199402,1.7041854858398438,True,fishing,337.5,0.08939958363771439,0.04522538185119629,0.04297458380460739,0.04778589680790901,0.0467272512614727,0.047076109796762466,0.06370414793491364,0.08183461427688599,0.07823792099952698,0.060870978981256485,0.05171864479780197,0.05108525604009628,0.05771968141198158,0.05592891573905945,0.08624200522899628,0.09346906840801239
175,36.37239231347467,-75.83388952356093,0.333707720041275,3484.76513671875,21762.845703125,21743,3465,21782,3504,2025-09-17T11:15:53.132551,41.36411249637604,10.780010372400284,2.414848566055298,True,fishing,337.5,0.08798182010650635,0.047341350466012955,0.046843621879816055,0.05311044305562973,0.0500333197414875,0.04924381524324417,0.06026887148618698,0.07271704077720642,0.06922580301761627,0.05552607774734497,0.05287329852581024,0.054506488144397736,0.06305225193500519,0.059799447655677795,0.08666336536407471,0.09081297367811203
176,37.2262611437363,-76.4395673771047,0.3331092596054077,13612.6435546875,18030.51953125,18009,13592,18051,13633,2025-09-17T11:15:53.132551,,,,,,,,,,,,,,,,,,,,,,
177,36.89078512010113,-76.4925264822792,0.33290764689445496,10064.017578125,16929.865234375,16908,10044,16950,10083,2025-09-17T11:15:53.132551,,,,,,,,,,,,,,,,,,,,,,
178,36.88380739077351,-76.49156827810182,0.3312826156616211,9987.1708984375,16924.9765625,16905,9966,16944,10007,2025-09-17T11:15:53.132551,,,,,,,,,,,,,,,,,,,,,,
179,36.215739637305454,-75.79669813778528,0.3298534154891968,1734.2744140625,21802.173828125,21782,1713,21822,1754,2025-09-17T11:15:53.132551,,,,,,,,,,,,,,,,,,,,,,
180,36.8958157072276,-76.08700880090315,0.3289945423603058,9520.8447265625,20501.22265625,20482,9501,20520,9540,2025-09-17T11:15:53.132551,,,,,,,,,,,,,,,,,,,,,,
181,37.21515126815178,-76.8713751326452,0.3275592029094696,14136.20703125,14233.0234375,14213,14116,14253,14156,2025-09-17T11:15:53.132551,,,,,,,,,,,,,,,,,,,,,,
182,36.089306646448186,-75.76007832156284,0.32571572065353394,311.6007385253906,21892.96875,21873,291,21912,331,2025-09-17T11:15:53.132551,,,,,,,,,,,,,,,,,,,,,,
183,36.22592379835631,-75.77516065186857,0.3235633373260498,1812.9398193359375,22012.09375,21992,1793,22032,1832,2025-09-17T11:15:53.132551,,,,,,,,,,,,,,,,,,,,,,
184,36.96546697936465,-76.112413859406,0.3181300461292267,10311.953125,20407.57421875,20387,10292,20427,10331,2025-09-17T11:15:53.132551,,,,,,,,,,,,,,,,,,,,,,
185,36.28592966158672,-75.81600894903735,0.3112708032131195,2522.33349609375,21761.640625,21741,2502,21781,2542,2025-09-17T11:15:53.132551,,,,,,,,,,,,,,,,,,,,,,
186,36.08528361149679,-75.77528160353327,0.3112538754940033,290.38751220703125,21750.52734375,21706,272,21794,308,2025-09-17T11:15:53.132551,,,,,,,,,,,,,,,,,,,,,,
187,37.50093214372755,-75.91544904771075,0.3091316223144531,15830.1591796875,23117.15625,23097,15809,23136,15850,2025-09-17T11:15:53.132551,,,,,,,,,,,,,,,,,,,,,,
188,37.1121901189676,-76.60467956169555,0.307675302028656,12624.107421875,16369.201171875,16349,12604,16388,12643,2025-09-17T11:15:53.132551,57.102030515670776,13.58688473701477,2.2477571964263916,True,fishing,337.5,0.09156519919633865,0.046279117465019226,0.047040726989507675,0.05319132283329964,0.050104860216379166,0.04689010605216026,0.060897570103406906,0.07413046807050705,0.07012905180454254,0.05605106055736542,0.05193179100751877,0.053663939237594604,0.062185827642679214,0.056074295192956924,0.08749368786811829,0.09237101674079895
189,36.88579161678736,-75.88832803157072,0.3037946820259094,9124.4033203125,22229.2890625,22209,9104,22249,9144,2025-09-17T11:15:53.132551,40.677642822265625,10.33298596739769,3.246356964111328,True,fishing,67.5,0.08232056349515915,0.049662861973047256,0.0709952637553215,0.08965568989515305,0.0711962878704071,0.055526942014694214,0.051901254802942276,0.04971718415617943,0.04225113242864609,0.038242157548666,0.050413452088832855,0.06370553374290466,0.07297186553478241,0.05738287419080734,0.07749444246292114,0.07656256854534149
